image_file,split,pred_label,x,y
dataset/БП11-Р01-Г01-0944_orig.jpg,train_seed,тарелка,0.38379556,-0.12009625
dataset/БП11-Р01-Г01-1055_orig.jpg,train_seed,изразец,-0.49896348,-0.17339839
dataset/БП11-Р01-Г01-1065_orig.jpg,train_seed,тарелка,0.46123168,-0.26463112
dataset/БП11-Р01-Г01-1137_orig.jpg,train_seed,изразец,-0.48559946,-0.016983552
dataset/БП11-Р01-Г01-1192_orig.jpg,train_seed,изразец,-0.63679636,-0.21010385
dataset/БП11-Р01-Г01-1197_orig.jpg,train_seed,крышка,-0.10584431,0.22185215
dataset/БП11-Р01-Г01-1247_orig.jpg,train_seed,тарелка,0.4126526,-0.30541444
dataset/БП11-Р01-Г01-1248_orig.jpg,train_seed,тарелка,0.3610191,-0.19377317
dataset/БП11-Р01-Г01-1251_orig.jpg,train_seed,тарелка,0.5342518,-0.24912979
dataset/БП11-Р01-Г01-1289_orig.jpg,train_seed,тарелка,0.48993587,-0.27111536
dataset/БП11-Р01-Г01-1290_orig.jpg,train_seed,тарелка,0.50661093,-0.2922239
dataset/БП11-Р01-Г01-1315_orig.jpg,train_seed,тарелка,0.4194753,-0.18325853
dataset/БП11-Р01-Г01-1395_orig.jpg,train_seed,тарелка,0.52335787,-0.24251762
dataset/БП11-Р01-Г01-1396_orig.jpg,train_seed,тарелка,0.5049747,-0.27512774
dataset/БП11-Р01-Г01-1397_orig.jpg,train_seed,тарелка,0.32581046,-0.26308542
dataset/БП11-Р01-Г01-1405_orig.jpg,train_seed,тарелка,0.5448934,-0.27653396
dataset/БП11-Р01-Г03-3244_orig.jpg,train_seed,тарелка,0.07403119,0.17068513
dataset/БП11-Р01-Г03-3339_orig.jpg,train_seed,изразец,-0.63555926,-0.34548876
dataset/БП11-Р01-Г03-6483_orig.jpg,train_seed,блюдце,0.4017521,0.081486456
dataset/БП11-Р01-Г03-6484_orig.jpg,train_seed,блюдце,0.47261783,-0.011856991
dataset/БП11-Р01-Г03-6493_orig.jpg,train_seed,изразец,-0.63303745,-0.21644378
dataset/БП12-Г01-0732_orig.jpg,train_seed,миска,-0.25990438,0.5857219
dataset/БП12-Г01-0774_orig.jpg,train_seed,крышка,-0.26188153,0.3759395
dataset/БП12-Г01-0783_orig.jpg,train_seed,крышка,0.12522066,0.18673114
dataset/БП12-Г01-0794_orig.jpg,train_seed,блюдце,0.41068667,0.070158705
dataset/БП12-Г01-1007_orig.jpg,train_seed,изразец,-0.5340286,-0.3622117
dataset/БП12-Г01-1697_orig.jpg,train_seed,блюдце,0.22721153,0.045921683
dataset/БП12-Г01-1713_orig.jpg,train_seed,изразец,-0.6325168,-0.24432354
dataset/БП12-Г01-1956_orig.jpg,train_seed,изразец,-0.5909316,-0.28123197
dataset/БП12-Г01-1974_orig.jpg,train_seed,тарелка,0.51194793,-0.25673187
dataset/БП12-Г01-1985_orig.jpg,train_seed,тарелка,0.4864184,-0.18202555
dataset/БП12-Г01-2474_orig.jpg,train_seed,крышка,0.13290152,0.33420292
dataset/БП12-Г01-2475_orig.jpg,train_seed,блюдце,0.37863758,0.092127584
dataset/БП12-Г01-3217_orig.jpg,train_seed,крышка,-0.18038192,0.5443716
dataset/БП12-Г01-3218_orig.jpg,train_seed,крышка,-0.23361133,0.5421651
dataset/БП12-Г01-3220_orig.jpg,train_seed,изразец,-0.65333444,-0.28923985
dataset/БП12-Г01-3239_orig.jpg,train_seed,миска,-0.23989876,0.63790447
dataset/БП12-Г01-3414_orig.jpg,train_seed,блюдце,0.43695444,-0.15160978
dataset/БП12-Г01-3416_orig.jpg,train_seed,блюдце,0.4452851,0.10682412
dataset/БП12-Г01-3511_orig.jpg,train_seed,крышка,-0.21142818,0.549295
dataset/БП12-Г01-4902_orig.jpg,train_seed,блюдце,0.472132,-0.08828618
dataset/БП12-Г01-4903_orig.jpg,train_seed,блюдце,0.41401044,-0.035366964
dataset/БП12-Г01-5843_orig.jpg,train_seed,крышка,0.2144045,0.21247424
dataset/БП12-Г01-6186_orig.jpg,train_seed,тарелка,0.35868633,-0.1832615
dataset/БП12-Г01-6214_orig.jpg,train_seed,крышка,-0.21089633,0.4803338
dataset/БП12-Г01-6335_orig.jpg,train_seed,изразец,-0.5135605,-0.23042399
dataset/БП12-Г01-6336_orig.jpg,train_seed,тарелка,0.2686625,-0.28617394
dataset/БП12-Г01-6522_orig.jpg,train_seed,блюдце,0.44023335,0.03991007
dataset/БП12-Г01-6523_orig.jpg,train_seed,блюдце,0.36146533,0.07267968
dataset/БП12-Г01-6525_orig.jpg,train_seed,блюдце,0.4542648,-0.008441357
dataset/БП12-Г01-6538_orig.jpg,train_seed,крышка,0.17581968,0.25267917
dataset/БП12-Г01-7005_orig.jpg,train_seed,блюдце,0.36921218,0.036748942
dataset/БП12-Г01-7058_orig.jpg,train_seed,изразец,-0.63041246,-0.3007482
dataset/БП12-Г01-7079_orig.jpg,train_seed,игрушка,-0.2504662,0.084434636
dataset/БП12-Г01-7210_orig.jpg,train_seed,изразец,-0.65784264,-0.16324806
dataset/БП12-Г01-7211_orig.jpg,train_seed,изразец,-0.6566632,-0.2601474
dataset/БП12-Г01-7212_orig.jpg,train_seed,изразец,-0.56554013,-0.35413283
dataset/БП12-Г01-7213_orig.jpg,train_seed,изразец,-0.60127246,-0.2524683
dataset/БП12-Г01-7754_orig.jpg,train_seed,тарелка,0.57285273,-0.19779345
dataset/БП12-Г01-7762_orig.jpg,train_seed,тарелка,0.2669236,-0.20237067
dataset/БП12-Г01-7977_orig.jpg,train_seed,тарелка,0.53792894,-0.22554336
dataset/БП12-Г01-8837_orig.jpg,train_seed,изразец,-0.6702582,-0.31199765
dataset/БП12-Г02-1422_orig.jpg,train_seed,миска,-0.14815564,0.49566156
dataset/БП12-Г02-2723_orig.jpg,train_seed,изразец,-0.5770329,-0.2814167
dataset/БП12-Г02-3656_orig.jpg,train_seed,крышка,0.1795681,0.22291672
dataset/БП12-Г02-3807_orig.jpg,train_seed,тарелка,-0.18323584,0.37021887
dataset/БП12-Г02-3983_orig.jpg,train_seed,тарелка,0.107558936,-0.14568436
dataset/БП12-Г02-4183_orig.jpg,train_seed,тарелка,0.027875755,0.18702099
dataset/БП12-Г02-4190_orig.jpg,train_seed,тарелка,0.44288388,-0.19541985
dataset/БП12-Г02-4243_orig.jpg,train_seed,плитка,-0.1998489,-0.005502059
dataset/БП12-Г02-5226_orig.jpg,train_seed,тарелка,0.42644873,-0.13247861
dataset/БП12-Г02-5243_orig.jpg,train_seed,блюдце,0.50778645,-0.09124665
dataset/БП12-Г02-6877_orig.jpg,train_seed,изразец,-0.42846733,-0.14975947
dataset/БП12-Г02-8137_orig.jpg,train_seed,тарелка,0.06707815,-0.27658266
dataset/БП12-Т01-8071_orig.jpg,train_seed,блюдце,0.43462047,0.06295425
dataset/БП12-Т02-7986_orig.jpg,train_seed,крышка,0.16835622,0.3165734
dataset/ВО-1л58-2017-0011_orig.jpg,train_seed,изразец,-0.62449926,-0.22010794
dataset/ВО-1л58-2017-0012_orig.jpg,train_seed,изразец,-0.5994581,-0.39722204
dataset/ВО-1л58-2017-0013_orig.jpg,train_seed,изразец,-0.59197885,-0.3156357
dataset/ВО-1л58-2017-0014_orig.jpg,train_seed,изразец,-0.5632356,-0.37807772
dataset/ВО-1л58-2017-0015_orig.jpg,train_seed,изразец,-0.5465848,-0.33087754
dataset/ВО-1л58-2017-0016_orig.jpg,train_seed,изразец,-0.6537965,-0.27818784
dataset/ВО-1л58-2017-0017_orig.jpg,train_seed,изразец,-0.59176403,-0.38955393
dataset/ВО-1л58-2017-0018_orig.jpg,train_seed,изразец,-0.6258435,-0.34547842
dataset/ВО-1л58-2017-0019_orig.jpg,train_seed,изразец,-0.50058,-0.3196181
dataset/ВО-1л58-2017-0020_orig.jpg,train_seed,изразец,-0.5859634,-0.34395814
dataset/ВО-1л58-2017-0022_orig.jpg,train_seed,плитка,-0.13986473,0.011996799
dataset/ВО-1л58-2017-0036_orig.jpg,train_seed,тарелка,-0.18921289,0.3522343
dataset/ВО-1л58-2017-0038_orig.jpg,train_seed,тарелка,0.015130576,0.16797236
dataset/ВО-1л58-2017-0047_orig.jpg,train_seed,миска,-0.23588243,0.67996335
dataset/ВО-1л58-2017-0053_orig.jpg,train_seed,крышка,0.2978852,0.13717905
dataset/ВО-1л58-2017-0055_orig.jpg,train_seed,тарелка,0.45391545,-0.1421112
dataset/ВО-1л58-2017-0056_orig.jpg,train_seed,тарелка,0.34544566,-0.18522087
dataset/ВО-1л58-2017-0058_orig.jpg,train_seed,крышка,0.24429801,0.18420894
dataset/ВО-1л58-2017-0059_orig.jpg,train_seed,тарелка,0.42396408,-0.02543883
dataset/ВО-1л58-2017-0072_orig.jpg,train_seed,блюдце,0.40161058,-0.066919975
dataset/ВО-1л58-2017-0074_orig.jpg,train_seed,блюдце,0.43077123,0.106982745
dataset/ВО-1л58-2017-0075_orig.jpg,train_seed,блюдце,0.4067391,0.048305497
dataset/ВО-1л58-2017-0076_orig.jpg,train_seed,крышка,0.18417458,0.100541554
dataset/ВО-1л58-2017-0077_orig.jpg,train_seed,крышка,0.20778461,0.23687838
dataset/ВО-1л58-2017-0078_orig.jpg,train_seed,блюдце,0.47355813,-0.07998036
dataset/ВО-1л58-2017-0088_orig.jpg,train_seed,тарелка,0.5084162,-0.2552191
dataset/ВО-1л58-2017-0089_orig.jpg,train_seed,тарелка,0.5740643,-0.25539836
dataset/ВО-1л58-2017-0090_orig.jpg,train_seed,тарелка,0.51899874,-0.22115886
dataset/ВО-1л58-2017-0091_orig.jpg,train_seed,тарелка,0.4881572,-0.24719022
dataset/ВО-1л58-2017-0092_orig.jpg,train_seed,тарелка,0.550543,-0.17382957
dataset/ВО-1л58-2017-0093_orig.jpg,train_seed,тарелка,0.47107404,-0.16061512
dataset/ВО-1л58-2017-0103_orig.jpg,train_seed,изразец,-0.49571836,-0.2491909
dataset/ВО-1л58-2017-0104_orig.jpg,train_seed,изразец,-0.5657158,-0.30689383
dataset/ВО-1л58-2017-0105_orig.jpg,train_seed,изразец,-0.664333,-0.27051565
dataset/ВО-1л58-2017-0124_orig.jpg,train_seed,миска,-0.32408956,0.5610624
dataset/ВО-1л58-2017-0141_orig.jpg,train_seed,тарелка,0.37047553,-0.23178649
dataset/ВО-1л58-2017-0161_orig.jpg,train_seed,игрушка,-0.13018706,0.13119876
dataset/ВО-1л58-2017-0235_orig.jpg,train_seed,тарелка,0.47156352,-0.17132017
dataset/ВО-1л58-2017-0242_orig.jpg,train_seed,миска,-0.19288231,0.6390601
dataset/ВО-1л58-2017-0275_orig.jpg,train_seed,тарелка,-0.01566711,0.2284968
dataset/ВО-1л58-2017-0281_orig.jpg,train_seed,тарелка,0.14254096,0.0014488959
dataset/ВО-1л58-2017-0284_orig.jpg,train_seed,тарелка,0.30427703,-0.34888962
dataset/ВО-1л58-2017-0286_orig.jpg,train_seed,тарелка,0.39817223,-0.15076238
dataset/ВО-1л58-2017-0294_orig.jpg,train_seed,блюдце,0.47670192,-0.06891372
dataset/ВО-1л58-2017-0297_orig.jpg,train_seed,тарелка,-0.091762975,0.2841021
dataset/ВО-1л58-2017-0305_orig.jpg,train_seed,изразец,-0.67822385,-0.2800567
dataset/ВО-1л58-2017-0306_orig.jpg,train_seed,изразец,-0.658115,-0.17869706
dataset/ВО-1л58-2017-0307_orig.jpg,train_seed,изразец,-0.6115898,-0.20454726
dataset/ВО-1л58-2017-0322_orig.jpg,train_seed,миска,-0.1382646,0.64878315
dataset/ВО-1л58-2017-0376_orig.jpg,train_seed,миска,-0.30381137,0.6126694
dataset/ВО-1л58-2017-0393_orig.jpg,train_seed,изразец,-0.62356865,-0.22255956
dataset/ВО-1л58-2017-0397_orig.jpg,train_seed,изразец,-0.5441291,-0.32650837
dataset/ВО-1л58-2017-0418_orig.jpg,train_seed,тарелка,-0.058047485,0.3451322
dataset/ВО-1л58-2017-0421_orig.jpg,train_seed,тарелка,0.3897693,-0.2857369
dataset/ВО-1л58-2017-0424_orig.jpg,train_seed,крышка,0.18918875,0.1171964
dataset/ВО-1л58-2017-0425_orig.jpg,train_seed,крышка,0.14959657,0.13130273
dataset/ВО-1л58-2017-0426_orig.jpg,train_seed,тарелка,0.4715514,-0.23953366
dataset/ВО-1л58-2017-0441_orig.jpg,train_seed,миска,-0.30006766,0.6392659
dataset/ВО-1л58-2017-0447_orig.jpg,train_seed,изразец,-0.4876224,-0.16274832
dataset/ВО-1л58-2017-0448_orig.jpg,train_seed,изразец,-0.5416406,-0.13842577
dataset/ВО-1л58-2017-0475_orig.jpg,train_seed,изразец,-0.6404073,-0.2873389
dataset/ВО-1л58-2017-0480_orig.jpg,train_seed,крышка,0.32220247,0.15720935
dataset/ВО-1л58-2017-0487_orig.jpg,train_seed,тарелка,0.41903332,-0.114970684
dataset/ВО-1л58-2017-0488_orig.jpg,train_seed,тарелка,0.5519031,-0.20261426
dataset/ВО-1л58-2017-0503_orig.jpg,train_seed,крышка,0.2978731,0.18872352
dataset/ВО-1л58-2017-0509_orig.jpg,train_seed,изразец,-0.63065827,-0.2545327
dataset/ВО-1л58-2017-0522_orig.jpg,train_seed,тарелка,0.37261862,-0.27938288
dataset/ВО-1л58-2017-0523_orig.jpg,train_seed,изразец,-0.54026794,-0.14898768
dataset/ВО-1л58-2017-0524_orig.jpg,train_seed,изразец,-0.40498737,-0.2421578
dataset/ВО-1л58-2017-0525_orig.jpg,train_seed,изразец,-0.51483077,-0.28745955
dataset/ВО-1л58-2017-0527_orig.jpg,train_seed,изразец,-0.6155643,-0.3333765
dataset/ВО-1л58-2017-0528_orig.jpg,train_seed,изразец,-0.606032,-0.29619226
dataset/ВО-1л58-2017-0544_orig.jpg,train_seed,миска,-0.32050204,0.4893986
dataset/ВО-1л58-2017-0547_orig.jpg,train_seed,тарелка,0.5719755,-0.12897794
dataset/ВО-1л58-2017-0551_orig.jpg,train_seed,изразец,-0.48128095,-0.29621297
dataset/ВО-1л58-2017-0553_orig.jpg,train_seed,изразец,-0.579014,-0.38484845
dataset/ВО-1л58-2017-0554_orig.jpg,train_seed,изразец,-0.5222599,-0.34350252
dataset/ВО-1л58-2017-0572_orig.jpg,train_seed,крышка,-0.27790007,0.43561006
dataset/ВО-1л58-2017-0573_orig.jpg,train_seed,тарелка,0.15240178,0.0012550042
dataset/ВО-1л58-2017-0574_orig.jpg,train_seed,тарелка,0.49570996,-0.24700508
dataset/ВО-1л58-2017-0575_orig.jpg,train_seed,блюдце,0.50739783,0.0065467465
dataset/ВО-1л58-2017-0595_orig.jpg,train_seed,крышка,-0.15187058,0.5573956
dataset/ВО-1л58-2017-0596_orig.jpg,train_seed,крышка,-0.26424408,0.39163834
dataset/ВО-1л58-2017-0603_orig.jpg,train_seed,изразец,-0.6290826,-0.3309563
dataset/ВО-1л58-2017-0604_orig.jpg,train_seed,изразец,-0.5393339,-0.30721766
dataset/ВО-1л58-2017-0605_orig.jpg,train_seed,изразец,-0.48327294,-0.23431218
dataset/ВО-1л58-2017-0606_orig.jpg,train_seed,изразец,-0.49955133,-0.1777827
dataset/ВО-1л58-2017-0625_orig.jpg,train_seed,тарелка,0.44383118,-0.01594076
dataset/ВО-1л58-2017-0627_orig.jpg,train_seed,изразец,-0.53023833,-0.1719045
dataset/ВО-1л58-2017-0631_orig.jpg,train_seed,изразец,-0.5354137,-0.34923485
dataset/ВО-1л58-2017-0632_orig.jpg,train_seed,изразец,-0.57628834,-0.38090065
dataset/ВО-1л58-2017-0633_orig.jpg,train_seed,изразец,-0.54365927,-0.2617296
dataset/ВО-1л58-2017-0634_orig.jpg,train_seed,изразец,-0.58852637,-0.29921183
dataset/ВО-1л58-2017-0635_orig.jpg,train_seed,изразец,-0.5957033,-0.36376226
dataset/ВО-1л58-2017-0645_orig.jpg,train_seed,крышка,-0.1840719,0.5202098
dataset/ВО-1л58-2017-0673_orig.jpg,train_seed,миска,-0.29439694,0.61335677
dataset/ВО-1л58-2017-0688_orig.jpg,train_seed,тарелка,0.4660913,-0.25912905
dataset/ВО-1л58-2017-0689_orig.jpg,train_seed,тарелка,0.49490398,-0.17392844
dataset/ВО-1л58-2017-0713_orig.jpg,train_seed,изразец,-0.53736067,-0.1766981
dataset/ВО-1л58-2017-0714_orig.jpg,train_seed,изразец,-0.62357336,-0.30007076
dataset/ВО-1л58-2017-0715_orig.jpg,train_seed,изразец,-0.62594134,-0.30920133
dataset/ВО-1л58-2017-0716_orig.jpg,train_seed,изразец,-0.6126656,-0.27279034
dataset/ВО-1л58-2017-0717_orig.jpg,train_seed,изразец,-0.62931913,-0.3577395
dataset/ВО-1л58-2017-0718_orig.jpg,train_seed,изразец,-0.4873143,-0.41807374
dataset/ВО-1л58-2017-0721_orig.jpg,train_seed,изразец,-0.44533077,-0.34199867
dataset/ВО-1л58-2017-0722_orig.jpg,train_seed,плитка,-0.2262724,-0.01257713
dataset/ВО-1л58-2017-0723_orig.jpg,train_seed,изразец,-0.6464321,-0.13754575
dataset/ВО-1л58-2017-0724_orig.jpg,train_seed,изразец,-0.60676426,-0.4214617
dataset/ВО-1л58-2017-0734_orig.jpg,train_seed,крышка,-0.2481575,0.39631853
dataset/ВО-1л58-2017-0735_orig.jpg,train_seed,тарелка,0.30379346,0.03936093
dataset/ВО-1л58-2017-0736_orig.jpg,train_seed,блюдце,0.33331463,-0.0158614
dataset/ВО-1л58-2017-0743_orig.jpg,train_seed,миска,-0.30898744,0.21525232
dataset/ВО-1л58-2017-0745_orig.jpg,train_seed,миска,-0.28443235,0.50092924
dataset/ВО-1л58-2017-0746_orig.jpg,train_seed,крышка,-0.20127729,0.5492231
dataset/ВО-1л58-2017-0753_orig.jpg,train_seed,миска,0.023167767,0.32801887
dataset/ВО-1л58-2017-0754_orig.jpg,train_seed,изразец,-0.51199454,-0.33446383
dataset/ВО-1л58-2017-0767_orig.jpg,train_seed,изразец,-0.45799735,-0.25541297
dataset/ВО-1л58-2017-0768_orig.jpg,train_seed,изразец,-0.34261358,-0.41075236
dataset/ВО-1л58-2017-0769_orig.jpg,train_seed,изразец,-0.5862598,-0.38304278
dataset/ВО-1л58-2017-0770_orig.jpg,train_seed,изразец,-0.54950744,-0.20528153
dataset/ВО-1л58-2017-0779_orig.jpg,train_seed,изразец,-0.61953336,-0.3981114
dataset/ВО-1л58-2017-0780_orig.jpg,train_seed,изразец,-0.658058,-0.24523707
dataset/ВО-1л58-2017-0781_orig.jpg,train_seed,изразец,-0.643163,-0.35454345
dataset/ВО-1л58-2017-0799_orig.jpg,train_seed,тарелка,0.5248827,-0.19183579
dataset/ВО-1л58-2017-0841_orig.jpg,train_seed,изразец,-0.5286321,-0.3760002
dataset/ВО-1л58-2017-0868_orig.jpg,train_seed,изразец,-0.63512146,-0.3099242
dataset/ВО-1л58-2017-0873_orig.jpg,train_seed,миска,-0.29624903,0.5409478
dataset/ВО-1л58-2017-0874_orig.jpg,train_seed,миска,-0.21741393,0.6637187
dataset/ВО-1л58-2017-0881_orig.jpg,train_seed,тарелка,0.49881852,-0.20363809
dataset/ВО-1л58-2017-0911_orig.jpg,train_seed,тарелка,0.21158361,-0.22554071
dataset/ВО-1л58-2017-0962_orig.jpg,train_seed,блюдце,0.32596257,-0.020483788
dataset/ВО-1л58-2017-0963_orig.jpg,train_seed,миска,-0.2609054,0.6179868
dataset/ВО-1л58-2017-0973_orig.jpg,train_seed,тарелка,0.5166415,-0.17387994
dataset/ВО-1л58-2017-0977_orig.jpg,train_seed,миска,-0.22032128,0.5103318
dataset/ВО-1л58-2017-0981_orig.jpg,train_seed,изразец,-0.60741514,-0.23609072
dataset/ВО-1л58-2017-0986_orig.jpg,train_seed,изразец,-0.43178073,-0.2743972
dataset/ВО-1л58-2017-0996_orig.jpg,train_seed,крышка,-0.2088523,0.5454343
dataset/ВО-1л58-2017-1001_orig.jpg,train_seed,изразец,-0.5543303,-0.23818944
dataset/ВО-1л58-2017-1002_orig.jpg,train_seed,изразец,-0.5692161,-0.34777406
dataset/ВО-1л58-2017-1003_orig.jpg,train_seed,изразец,-0.60097927,-0.24638884
dataset/ВО-1л58-2017-1005_orig.jpg,train_seed,изразец,-0.6099161,-0.37190565
dataset/ВО-1л58-2017-1006_orig.jpg,train_seed,изразец,-0.596342,-0.34042266
dataset/ВО-1л58-2017-1007_orig.jpg,train_seed,изразец,-0.5663713,-0.30574185
dataset/ВО-1л58-2017-1008_orig.jpg,train_seed,изразец,-0.62428284,-0.3557041
dataset/ВО-1л58-2017-1009_orig.jpg,train_seed,изразец,-0.621374,-0.22486024
dataset/ВО-1л58-2017-1010_orig.jpg,train_seed,изразец,-0.58598727,-0.34418896
dataset/ВО-1л58-2017-1030_orig.jpg,train_seed,изразец,-0.6458471,-0.14577843
dataset/ВО-1л58-2017-1035_orig.jpg,train_seed,изразец,-0.5978609,-0.36648124
dataset/ВО-1л58-2017-1036_orig.jpg,train_seed,изразец,-0.57270736,-0.2816161
dataset/ВО-1л58-2017-1038_orig.jpg,train_seed,изразец,-0.63222814,-0.30061954
dataset/ВО-1л58-2017-1042_orig.jpg,train_seed,изразец,-0.6130321,-0.18379004
dataset/ВО-1л58-2017-1101_orig.jpg,train_seed,тарелка,0.42941388,-0.20964079
dataset/ВО-1л58-2017-1102_orig.jpg,train_seed,тарелка,0.4647347,-0.28140295
dataset/ВО-1л58-2017-1111_orig.jpg,train_seed,блюдце,0.44537684,0.06274427
dataset/ВО-1л58-2017-1152_orig.jpg,train_seed,миска,-0.25308445,0.5456922
dataset/ВО-1л58-2017-1155_orig.jpg,train_seed,миска,-0.28396246,0.59777874
dataset/ВО-1л58-2017-1156_orig.jpg,train_seed,миска,-0.20350474,0.6077028
dataset/ВО-1л58-2017-1157_orig.jpg,train_seed,миска,-0.36274076,0.5278847
dataset/ВО-1л58-2017-1238_orig.jpg,train_seed,крышка,-0.15257442,0.52589726
dataset/ВО-1л58-2017-1251_orig.jpg,train_seed,изразец,-0.60156155,-0.33379585
dataset/ВО-1л58-2017-1273_orig.jpg,train_seed,изразец,-0.48457867,-0.22854877
dataset/Заг11-ш01-Г02-067_orig.jpg,train_seed,изразец,-0.61312866,-0.37070715
dataset/Заг11-ш01-Г02-068_orig.jpg,train_seed,изразец,-0.6089415,-0.2388781
dataset/Заг11-ш02-Г02-242_orig.jpg,train_seed,изразец,-0.6955819,-0.2302752
dataset/Заг11-ш02-Г02-246_orig.jpg,train_seed,тарелка,0.0012561242,-0.100014016
dataset/КБ-2014-Р2-0056_orig.jpg,train_seed,блюдце,0.37587515,0.083527006
dataset/КБ-2014-Р2-0088_orig.jpg,train_seed,тарелка,0.5926091,-0.23655963
dataset/КБ-2014-Р2-0091_orig.jpg,train_seed,крышка,0.14856248,0.24979271
dataset/КБ-2014-Р2-0092_orig.jpg,train_seed,блюдце,0.36987552,0.09439756
dataset/КБ-2014-Р2-0094_orig.jpg,train_seed,тарелка,0.54897547,-0.25671548
dataset/КБ-2014-Р2-0127_orig.jpg,train_seed,тарелка,0.5637006,-0.26586694
dataset/КБ-2014-Р2-0128_orig.jpg,train_seed,крышка,0.20835508,0.24929743
dataset/КБ-2014-Р2-0130_orig.jpg,train_seed,блюдце,0.40998912,-0.03428443
dataset/КБ-2014-Р2-0132_orig.jpg,train_seed,блюдце,0.40553266,-0.019885277
dataset/КБ-2014-Р2-0133_orig.jpg,train_seed,крышка,0.18371135,0.26955584
dataset/КБ-2014-Р2-0185_orig.jpg,train_seed,крышка,0.25672227,0.22580625
dataset/КБ-2014-Р2-0189_orig.jpg,train_seed,блюдце,0.43776724,-0.07801715
dataset/КБ-2014-Р2-0197_orig.jpg,train_seed,тарелка,0.4069229,-0.12617709
dataset/КБ-2014-Р2-0211_orig.jpg,train_seed,блюдце,0.3942458,0.06323489
dataset/КБ-2014-Р2-0218_orig.jpg,train_seed,блюдце,0.40268052,0.05172246
dataset/КБ-2014-Р2-0221_orig.jpg,train_seed,крышка,0.1964261,0.22630212
dataset/КБ-2014-Р2-0320_orig.jpg,train_seed,изразец,-0.6298275,-0.3407958
dataset/КБ-2014-Р2-0323_orig.jpg,train_seed,миска,-0.26269537,0.68666446
dataset/КБ-2014-Р2-0331_orig.jpg,train_seed,тарелка,0.48700875,-0.2365578
dataset/КБ-2014-Р2-0332_orig.jpg,train_seed,крышка,-0.18981501,0.47030056
dataset/КБ-2014-Р2-0337_orig.jpg,train_seed,изразец,-0.4982432,-0.21369995
dataset/КБ-2014-Р2-0338_orig.jpg,train_seed,изразец,-0.56896156,-0.20869792
dataset/КБ-2014-Р2-0340_orig.jpg,train_seed,изразец,-0.5301495,-0.17117697
dataset/КБ-2014-Р2-0361_orig.jpg,train_seed,тарелка,0.57510424,-0.2188956
dataset/КБ-2014-Р2-0370_orig.jpg,train_seed,миска,0.02235402,0.32621777
dataset/КБ-2014-Р2-0394_orig.jpg,train_seed,тарелка,0.47074452,-0.10820339
dataset/КБ-2014-Р2-0395_orig.jpg,train_seed,блюдце,0.36340618,0.041901387
dataset/КБ-2014-Р2-0430_orig.jpg,train_seed,блюдце,0.45624194,0.009651652
dataset/КБ-2014-Р2-0431_orig.jpg,train_seed,блюдце,0.4011083,0.00448907
dataset/КБ-2014-Р2-0432_orig.jpg,train_seed,блюдце,0.3257684,0.027095428
dataset/КБ-2014-Р2-0435_orig.jpg,train_seed,крышка,-0.1937738,0.4422323
dataset/КБ-2014-Р2-0459_orig.jpg,train_seed,блюдце,0.4347859,0.06445291
dataset/КБ-2014-Р2-0478_orig.jpg,train_seed,тарелка,0.20788981,-0.016046567
dataset/КБ-2014-Р2-0484_orig.jpg,train_seed,миска,-0.22386867,0.5122147
dataset/КБ-2014-Р2-0485_orig.jpg,train_seed,миска,-0.22623874,0.5653115
dataset/КБ-2014-Р2-0492_orig.jpg,train_seed,крышка,0.13853419,0.23028204
dataset/КБ-2014-Р2-0532_orig.jpg,train_seed,тарелка,0.5210053,-0.20717914
dataset/КБ-2014-Р2-0555_orig.jpg,train_seed,тарелка,0.4117064,-0.123315945
dataset/КБ-2014-Р2-0558_orig.jpg,train_seed,блюдце,0.4518338,0.061969157
dataset/КБ-2014-Р2-0559_orig.jpg,train_seed,тарелка,0.5077881,-0.12043367
dataset/КБ-2014-Р2-0566_orig.jpg,train_seed,тарелка,0.48302582,-0.23441865
dataset/КБ-2014-Р2-0568_orig.jpg,train_seed,плитка,-0.25903037,0.0886129
dataset/КБ-2014-Р2-0571_orig.jpg,train_seed,миска,0.10006682,0.31604844
dataset/КБ-2014-Р2-0574_orig.jpg,train_seed,крышка,0.29715708,0.07760221
dataset/КБ-2014-Р2-0576_orig.jpg,train_seed,миска,-0.24643588,0.5382617
dataset/КБ-2014-Р2-0596_orig.jpg,train_seed,блюдце,0.5011587,-0.069379896
dataset/КБ-2014-Р2-0597_orig.jpg,train_seed,блюдце,0.4028988,0.025151212
dataset/КБ-2014-Р2-0603_orig.jpg,train_seed,изразец,-0.46255025,-0.22238861
dataset/КБ-2014-Р2-0605_orig.jpg,train_seed,крышка,0.36056837,0.10351921
dataset/КБ-2014-Р2-0607_orig.jpg,train_seed,тарелка,0.49100992,-0.14736459
dataset/КБ-2014-Р2-0612_orig.jpg,train_seed,крышка,0.07589115,0.23877244
dataset/КБ-2014-Р2-0616_orig.jpg,train_seed,блюдце,0.32251874,0.01580859
dataset/КБ-2014-Р2-0632_orig.jpg,train_seed,изразец,-0.53953636,-0.28003928
dataset/КБ-2014-Р2-0638_orig.jpg,train_seed,блюдце,0.35715047,0.03064842
dataset/КБ-2014-Р2-0643_orig.jpg,train_seed,крышка,-0.075751424,0.18264246
dataset/КБ-2014-Р2-0646_orig.jpg,train_seed,блюдце,0.56692535,-0.07218513
dataset/КБ-2014-Р2-0651_orig.jpg,train_seed,миска,-0.23365296,0.6230728
dataset/КБ-2014-Р2-0656_orig.jpg,train_seed,миска,-0.21967192,0.62021255
dataset/КБ-2014-Р2-0668_orig.jpg,train_seed,блюдце,0.45704573,-0.05587065
dataset/КБ-2014-Р2-0701_orig.jpg,train_seed,изразец,-0.5281036,0.06557673
dataset/КБ-2014-Р2-0708_orig.jpg,train_seed,тарелка,0.6266391,-0.20493612
dataset/КБ-2014-Р2-0712_orig.jpg,train_seed,тарелка,0.5544619,-0.1498151
dataset/КБ-2014-Р2-0717_orig.jpg,train_seed,крышка,0.33267093,0.12218919
dataset/КБ-2014-Р2-0755_orig.jpg,train_seed,изразец,-0.61518925,-0.25521034
dataset/КБ-2014-Р2-0773_orig.jpg,train_seed,миска,-0.09362678,0.4494674
dataset/КБ-2014-Р2-0780_orig.jpg,train_seed,крышка,0.07406351,0.23984952
dataset/КБ-2014-Р2-0782_orig.jpg,train_seed,тарелка,0.44752687,0.0030929118
dataset/КБ-2014-Р2-0791_orig.jpg,train_seed,блюдце,0.2878179,0.17114154
dataset/КБ-2014-Р5-0032_orig.jpg,train_seed,крышка,0.11751865,0.17161953
dataset/КБ-2014-Р5-0035_orig.jpg,train_seed,тарелка,0.44195035,-0.33166194
dataset/КБ-2014-Р5-0059_orig.jpg,train_seed,крышка,0.015093525,0.27407718
dataset/КБ-2014-Р5-0065_orig.jpg,train_seed,блюдце,0.48135754,-0.048535377
dataset/КБ-2014-Р5-0066_orig.jpg,train_seed,блюдце,0.4759782,-0.056515355
dataset/КБ-2014-Р5-0067_orig.jpg,train_seed,блюдце,0.44136682,-0.043095797
dataset/КБ-2014-Р5-0068_orig.jpg,train_seed,блюдце,0.45590526,-0.03616665
dataset/КБ-2014-Р5-0069_orig.jpg,train_seed,блюдце,0.47391587,-0.10299854
dataset/КБ-2014-Р5-0070_orig.jpg,train_seed,блюдце,0.41612777,0.05380838
dataset/КБ-2014-Р5-0071_orig.jpg,train_seed,блюдце,0.47124565,-0.017413847
dataset/КБ-2014-Р5-0072_orig.jpg,train_seed,блюдце,0.25701916,-0.04560601
dataset/КБ-2014-Р5-0073_orig.jpg,train_seed,блюдце,0.41066888,0.08783176
dataset/КБ-2014-Р5-0074_orig.jpg,train_seed,крышка,0.2675369,0.18799038
dataset/КБ-2014-Р5-0078_orig.jpg,train_seed,блюдце,0.4049675,-0.04338505
dataset/КБ-2014-Р5-0079_orig.jpg,train_seed,блюдце,0.41521427,-0.009177957
dataset/КБ-2014-Р5-0081_orig.jpg,train_seed,блюдце,0.49016327,-0.022956224
dataset/КБ-2014-Р5-0082_orig.jpg,train_seed,тарелка,0.5549986,-0.22810107
dataset/КБ-2014-Р5-0092_orig.jpg,train_seed,блюдце,0.46055594,-0.012213693
dataset/КБ-2014-Р5-0093_orig.jpg,train_seed,тарелка,0.55182374,-0.16007145
dataset/КБ-2014-Р5-0094_orig.jpg,train_seed,тарелка,0.50129664,-0.17012812
dataset/КБ-2014-Р5-0097_orig.jpg,train_seed,тарелка,0.5557335,-0.24067812
dataset/КБ-2014-Р5-0102_orig.jpg,train_seed,тарелка,0.39038992,-0.12899433
dataset/КБ-2014-Р5-0103_orig.jpg,train_seed,тарелка,0.41374105,-0.09772385
dataset/КБ-2014-Р5-0105_orig.jpg,train_seed,миска,-0.24389176,0.69684637
dataset/КБ-2014-Р5-0106_orig.jpg,train_seed,миска,-0.25128683,0.6635675
dataset/КБ-2014-Р5-0107_orig.jpg,train_seed,миска,-0.33900636,0.6064831
dataset/КБ-2014-Р5-0108_orig.jpg,train_seed,миска,-0.25175068,0.69088435
dataset/КБ-2014-Р5-0111_orig.jpg,train_seed,миска,-0.29064545,0.6629688
dataset/КБ-2014-Р5-0118_orig.jpg,train_seed,тарелка,0.023355367,0.20723587
dataset/КБ-2014-Р5-0120_orig.jpg,train_seed,крышка,-0.2466958,0.39581472
dataset/КБ-2014-Р5-0134_orig.jpg,train_seed,крышка,0.059843518,0.2710246
dataset/КБ-2014-Р5-0229_orig.jpg,train_seed,блюдце,0.42778584,0.052697487
dataset/КБ-2014-Р5-0297_orig.jpg,train_seed,тарелка,0.5892391,-0.23985246
dataset/КБ-2014-Р5-0303_orig.jpg,train_seed,крышка,0.14089903,0.31128818
dataset/КБ-2014-Р5-0415_orig.jpg,train_seed,миска,-0.26430216,0.6365332
dataset/КБ-2014-Р5-0421_orig.jpg,train_seed,тарелка,0.5499625,-0.16838169
dataset/КБ-2014-Р5-0422_orig.jpg,train_seed,тарелка,0.5451822,-0.2353063
dataset/КБ-2014-Р5-0430_orig.jpg,train_seed,плитка,-0.21389438,0.05156244
dataset/КБ-2014-Р5-0477_orig.jpg,train_seed,плитка,-0.2236986,-0.0238418
dataset/КБ-2014-Р5-0486_orig.jpg,train_seed,блюдце,0.32781142,-0.10312388
dataset/КБ-2014-Р5-0491_orig.jpg,train_seed,блюдце,0.41114852,0.04178909
dataset/Кроп-2013-159_orig.jpg,train_seed,блюдце,0.49399254,-0.08417617
dataset/Кроп-2013-240_orig.jpg,train_seed,миска,-0.20126437,0.5860666
dataset/Кроп-2013-248_orig.jpg,train_seed,блюдце,0.43006387,-0.075942345
dataset/Кроп-2013-262_orig.jpg,train_seed,тарелка,0.52734697,-0.23993999
dataset/Кроп-2013-266_orig.jpg,train_seed,блюдце,0.46897194,0.05509149
dataset/Кроп-2013-268_orig.jpg,train_seed,тарелка,0.5794052,-0.26369694
dataset/Кроп-2013-285_orig.jpg,train_seed,тарелка,0.5070099,-0.19844985
dataset/Кроп-2013-373_orig.jpg,train_seed,крышка,-0.12983531,0.59786737
dataset/Кроп-2013-392_orig.jpg,train_seed,крышка,0.14312021,0.31445485
dataset/Кроп-2013-398_orig.jpg,train_seed,тарелка,0.57703924,-0.24368945
dataset/Кроп-2013-399_orig.jpg,train_seed,тарелка,0.5538833,-0.19282241
dataset/Кроп-2013-400_orig.jpg,train_seed,тарелка,0.5656303,-0.23820063
dataset/Кроп-2013-401_orig.jpg,train_seed,тарелка,0.49168795,-0.26768145
dataset/Кроп-2013-403_orig.jpg,train_seed,тарелка,0.5207833,-0.23693039
dataset/Кроп-2013-414_orig.jpg,train_seed,тарелка,0.38359395,-0.15859185
dataset/Кроп-2013-422_orig.jpg,train_seed,тарелка,0.4493132,-0.2337312
dataset/Кроп-2013-430_orig.jpg,train_seed,тарелка,0.05812398,-0.047367156
dataset/Кроп-2013-484_orig.jpg,train_seed,блюдце,0.42730778,-0.06105982
dataset/ЛАО-2012-М102-Ш1-004_orig.jpg,train_seed,миска,-0.35120043,0.5370307
dataset/ЛАО-2012-М102-Ш1-005_orig.jpg,train_seed,миска,-0.22537579,0.6742748
dataset/ЛАО-2012-М102-Ш1-006_orig.jpg,train_seed,миска,-0.30591643,0.66536576
dataset/ЛАО-2012-М102-Ш1-021_orig.jpg,train_seed,тарелка,0.50156087,-0.22884472
dataset/ЛАО-2012-М102-Ш1-057_orig.jpg,train_seed,изразец,-0.51125264,-0.28612638
dataset/ЛАО-2012-М102-Ш3-118_orig.jpg,train_seed,изразец,-0.6627813,-0.3193205
dataset/ЛАО-2012-М102-Ш3-131_orig.jpg,train_seed,тарелка,0.06084788,0.19807689
dataset/ЛАО-2012-М102-Ш3-132_orig.jpg,train_seed,миска,-0.22440162,0.6217607
dataset/ЛАО-2012-М102-Ш4-175_orig.jpg,train_seed,тарелка,0.44264865,-0.2757552
dataset/ЛАО-2012-М102-Ш4-179_orig.jpg,train_seed,миска,-0.21545096,0.6841558
dataset/ЛАО-2012-М102-Ш4-181_orig.jpg,train_seed,изразец,-0.6211812,-0.24904124
dataset/ЛАО-2012-М102-Ш4-182_orig.jpg,train_seed,изразец,-0.6277271,-0.25682092
dataset/М102-2012-2-0538_orig.jpg,train_seed,блюдце,0.4903274,0.019685457
dataset/М102-2012-2-0543_orig.jpg,train_seed,блюдце,0.36068067,-0.02720641
dataset/М102-2012-2-1028_orig.jpg,train_seed,тарелка,0.52983993,-0.26830432
dataset/М102-2012-2-1068_orig.jpg,train_seed,плитка,-0.22236054,-0.12843089
dataset/М102-2012-2-1086_orig.jpg,train_seed,тарелка,0.5078264,-0.29440472
dataset/М102-2012-2-1095_orig.jpg,train_seed,изразец,-0.5671697,-0.31969675
dataset/М102-2012-2-1121_orig.jpg,train_seed,блюдце,0.4921056,0.09462299
dataset/М102-2012-2-1123_orig.jpg,train_seed,блюдце,0.48710787,-0.06663238
dataset/М102-2012-2-1125_orig.jpg,train_seed,крышка,0.32801965,0.20400436
dataset/М102-2012-2-1166_orig.jpg,train_seed,блюдце,0.41106433,0.024559781
dataset/М102-2012-2-1181_orig.jpg,train_seed,плитка,-0.21892522,-0.058832277
dataset/М102-2012-2-1248_orig.jpg,train_seed,блюдце,0.48228028,0.073442094
dataset/М102-2012-2-1264_orig.jpg,train_seed,тарелка,0.4408553,-0.050232902
dataset/М102-2012-2-1265_orig.jpg,train_seed,тарелка,0.49243677,-0.07511817
dataset/М102-2012-2-1267_orig.jpg,train_seed,тарелка,0.5570472,-0.2390653
dataset/М102-2012-2-1271_orig.jpg,train_seed,блюдце,0.48053163,0.0044012354
dataset/М102-2012-2-1279_orig.jpg,train_seed,крышка,0.029537585,0.30147532
dataset/М102-2012-2-1313_orig.jpg,train_seed,блюдце,0.4039542,0.023047129
dataset/М102-2012-2-1314_orig.jpg,train_seed,крышка,0.3075002,0.2244074
dataset/М102-2012-2-1319_orig.jpg,train_seed,тарелка,0.43561044,-0.15647736
dataset/М102-2012-2-1327_orig.jpg,train_seed,плитка,-0.19401334,-0.0834533
dataset/М102-2012-2-1359_orig.jpg,train_seed,блюдце,0.39874136,0.040468752
dataset/М102-2012-2-1360_orig.jpg,train_seed,тарелка,0.38160452,-0.15330261
dataset/М102-2012-2-1361_orig.jpg,train_seed,блюдце,0.39109644,0.1200747
dataset/М102-2012-2-1394_orig.jpg,train_seed,крышка,0.18115726,0.30494535
dataset/М102-2012-2-1406_orig.jpg,train_seed,блюдце,0.44688892,0.018025767
dataset/М102-2012-2-1423_orig.jpg,train_seed,миска,-0.22643709,0.68188804
dataset/Маяк-11-Ш1-06_orig.jpg,train_seed,крышка,0.18592656,0.2845559
dataset/Маяк-11-Ш1-07_orig.jpg,train_seed,крышка,0.14267704,0.22796845
dataset/Маяк-11-Ш2-21_orig.jpg,train_seed,тарелка,0.41571078,-0.34659672
dataset/Маяк-11-Ш2-37_orig.jpg,train_seed,изразец,-0.6251978,-0.2011782
dataset/Мич11-ш01-005_orig.jpg,train_seed,плитка,-0.22070278,-0.029874304
dataset/Мич11-ш02-053_orig.jpg,train_seed,изразец,-0.6043199,-0.36329067
dataset/Мич11-ш04-155_orig.jpg,train_seed,изразец,-0.67656636,-0.29086626
dataset/Нев11-Г0-005_orig.jpg,train_seed,плитка,-0.09451788,0.07014417
dataset/Нев11-Г02-009_orig.jpg,train_seed,тарелка,-0.13951217,-0.10670654
dataset/Нев11-Г02-010_orig.jpg,train_seed,тарелка,-0.2299776,-0.013069446
dataset/Нев11-Г02-012_orig.jpg,train_seed,изразец,-0.526526,-0.18066601
dataset/Нев11-Г02-021_orig.jpg,train_seed,изразец,-0.6179488,-0.24937843
dataset/Нев11-Г02-022_orig.jpg,train_seed,изразец,-0.5745507,-0.12551281
dataset/Нев11-Г02-023_orig.jpg,train_seed,изразец,-0.65220416,-0.2877849
dataset/Нев11-Г03-037_orig.jpg,train_seed,изразец,-0.63244295,-0.29198524
dataset/Нев11-Г03-038_orig.jpg,train_seed,изразец,-0.5899169,-0.19227758
dataset/Нев11-Г03-043_orig.jpg,train_seed,изразец,-0.58835375,-0.121385396
dataset/Нев11-Г03-044_orig.jpg,train_seed,изразец,-0.623908,-0.13304114
dataset/Нев11-Г03-058_orig.jpg,train_seed,изразец,-0.67263186,-0.29010284
dataset/Нев11-Г03-097_orig.jpg,train_seed,изразец,-0.6632615,-0.24329542
dataset/Нев11-Г03-181_orig.jpg,train_seed,изразец,-0.5139744,-0.20617442
dataset/Нев11-Г04-185_orig.jpg,train_seed,крышка,-0.32353863,-0.07630386
dataset/Нев11-Г04-187_orig.jpg,train_seed,тарелка,0.090065554,0.0887985
dataset/Нев11-Г04-197_orig.jpg,train_seed,тарелка,-0.21576913,0.34593472
dataset/Нев11-Г04А-210_orig.jpg,train_seed,тарелка,-0.12343731,0.11043852
dataset/Нев11-Г05-056_orig.jpg,train_seed,крышка,-0.20149751,0.3977631
dataset/Нев11-Г05-228_orig.jpg,train_seed,тарелка,0.5529134,-0.25653332
dataset/Нев11-под-001_orig.jpg,train_seed,плитка,-0.26482296,-0.0075999917
dataset/Нейш3А-2018-0018_orig.jpg,train_seed,крышка,0.18195875,0.13160402
dataset/Нейш3А-2018-0097_orig.jpg,train_seed,крышка,0.010586055,0.30379114
dataset/Нейш3А-2018-0105_orig.jpg,train_seed,блюдце,0.043634027,0.34312108
dataset/Нейш3А-2018-0203_orig.jpg,train_seed,тарелка,0.26022312,0.11753851
dataset/Нейш3А-2018-0206_orig.jpg,train_seed,блюдце,0.1845503,0.27917477
dataset/Нейш3А-2018-0247_orig.jpg,train_seed,блюдце,0.45339686,0.006123726
dataset/Нейш3А-2018-0248_orig.jpg,train_seed,тарелка,0.34642968,-0.21944259
dataset/Нейш3А-2018-0252_orig.jpg,train_seed,тарелка,0.43463534,-0.21981193
dataset/Нейш3А-2018-0254_orig.jpg,train_seed,тарелка,0.38450998,-0.05256138
dataset/Нейш3А-2018-0259_orig.jpg,train_seed,тарелка,0.46775085,-0.15772621
dataset/Нейш3А-2018-0349_orig.jpg,train_seed,тарелка,0.48881948,-0.16934144
dataset/Нейш3А-2018-0350_orig.jpg,train_seed,тарелка,0.5713453,-0.21268444
dataset/Нейш3А-2018-0378_orig.jpg,train_seed,тарелка,0.5894796,-0.19486
dataset/Нейш3А-2018-0384_orig.jpg,train_seed,тарелка,0.5734217,-0.23608658
dataset/Нейш3А-2018-0394_orig.jpg,train_seed,тарелка,0.62912375,-0.21359642
dataset/Нейш3А-2018-0397_orig.jpg,train_seed,тарелка,0.5493265,-0.202521
dataset/Нейш3А-2018-0454_orig.jpg,train_seed,блюдце,0.15568791,0.34671542
dataset/Нейш3А-2018-0572_orig.jpg,train_seed,крышка,0.082531266,0.32840472
dataset/Нейш3А-2018-0628_orig.jpg,train_seed,тарелка,0.40354812,-0.031188691
dataset/Нейш3А-2018-0740_orig.jpg,train_seed,тарелка,0.52839404,-0.18784878
dataset/Нейш3А-2018-0741_orig.jpg,train_seed,тарелка,0.41620305,-0.19261697
dataset/Нейш3А-2018-0806_orig.jpg,train_seed,крышка,0.124087274,0.3497541
dataset/Нейш3А-2018-0810_orig.jpg,train_seed,блюдце,0.4904487,0.010604354
dataset/Нейш3А-2018-0811_orig.jpg,train_seed,блюдце,0.44990486,0.053911686
dataset/Нейш3А-2018-0812_orig.jpg,train_seed,блюдце,0.3564512,0.099018544
dataset/Нейш3А-2018-0817_orig.jpg,train_seed,тарелка,0.4411918,-0.10976698
dataset/Нейш3А-2018-0833_orig.jpg,train_seed,блюдце,0.5708577,-0.16017291
dataset/Нейш3А-2018-0834_orig.jpg,train_seed,блюдце,0.45756307,0.063402645
dataset/Нейш3А-2018-0837_orig.jpg,train_seed,блюдце,0.4496166,0.06734476
dataset/Нейш3А-2018-0848_orig.jpg,train_seed,тарелка,0.50674224,-0.2585887
dataset/Нейш3А-2018-0851_orig.jpg,train_seed,тарелка,0.4811911,-0.1475864
dataset/Нейш3А-2018-0855_orig.jpg,train_seed,тарелка,0.5096859,-0.20390485
dataset/Нейш3А-2018-0856_orig.jpg,train_seed,тарелка,0.40778583,-0.17055146
dataset/Нейш3А-2018-0861_orig.jpg,train_seed,крышка,0.23256586,0.14645629
dataset/Нейш3А-2018-0868_orig.jpg,train_seed,изразец,-0.5641924,-0.40521467
dataset/Нейш3А-2018-0871_orig.jpg,train_seed,блюдце,0.4812291,0.03338335
dataset/Нейш3А-2018-0881_orig.jpg,train_seed,крышка,0.27803287,0.12622662
dataset/Нейш3А-2018-0947_orig.jpg,train_seed,тарелка,0.5267298,-0.17247742
dataset/Нейш3А-2018-0949_orig.jpg,train_seed,тарелка,0.47958818,-0.22055939
dataset/Нейш3А-2018-0955_orig.jpg,train_seed,изразец,-0.60774165,-0.20372707
dataset/Нейш3А-2018-0986_orig.jpg,train_seed,крышка,-0.16224784,0.5994859
dataset/Нейш3А-2018-1034_orig.jpg,train_seed,крышка,0.1908126,0.37785035
dataset/Нейш3А-2018-1101_orig.jpg,train_seed,блюдце,0.31626272,-0.034042902
dataset/Нейш3А-2018-1154_orig.jpg,train_seed,тарелка,-0.12859951,0.16261823
dataset/Нейш3А-2018-1180_orig.jpg,train_seed,блюдце,0.46171087,0.038121626
dataset/Нейш3А-2018-1186_orig.jpg,train_seed,плитка,0.013502832,0.09860952
dataset/Нейш3А-2018-1190_orig.jpg,train_seed,тарелка,-0.060474314,0.48164523
dataset/Нейш3А-2018-1282_orig.jpg,train_seed,тарелка,0.5013484,-0.16518785
dataset/Нейш3А-2018-1318_orig.jpg,train_seed,блюдце,0.43301487,0.09111147
dataset/Нейш3А-2018-1357_orig.jpg,train_seed,блюдце,0.4191491,0.1250735
dataset/Нейш3А-2018-1473_orig.jpg,train_seed,крышка,0.13491729,0.28085828
dataset/Нейш3А-2018-1476_orig.jpg,train_seed,тарелка,0.24788404,0.08905955
dataset/Нейш3А-2018-1509_orig.jpg,train_seed,тарелка,0.5696352,-0.07835275
dataset/Нейш3А-2018-1527_orig.jpg,train_seed,блюдце,0.3640644,0.12754229
dataset/Нейш3А-2018-1660_orig.jpg,train_seed,блюдце,0.1373251,0.37652788
dataset/Нейш3А-2018-1671_orig.jpg,train_seed,крышка,0.08003696,0.28868964
dataset/Нейш3А-2018-1719_orig.jpg,train_seed,блюдце,0.39462432,0.075220846
dataset/Нейш3А-2018-1755_orig.jpg,train_seed,миска,-0.3204718,0.5586171
dataset/Нейш3А-2018-1764_orig.jpg,train_seed,тарелка,0.6143068,-0.10219121
dataset/Нейш3А-2018-1766_orig.jpg,train_seed,тарелка,0.58149725,-0.23714277
dataset/Нейш3А-2018-1839_orig.jpg,train_seed,крышка,0.08336692,0.34261084
dataset/Нейш3А-2018-1911_orig.jpg,train_seed,тарелка,0.45555973,-0.040345117
dataset/Нейш3А-2018-1912_orig.jpg,train_seed,тарелка,0.50724024,-0.09554285
dataset/Нейш3А-2018-1919_orig.jpg,train_seed,крышка,0.17111506,0.1936532
dataset/Нейш3А-2018-2068_orig.jpg,train_seed,изразец,-0.6102566,-0.378351
dataset/Нейш3А-2018-2087_orig.jpg,train_seed,тарелка,0.023155458,0.12031246
dataset/Нейш3А-2018-2142_orig.jpg,train_seed,блюдце,0.3908308,0.12390278
dataset/Нейш3А-2018-2145_orig.jpg,train_seed,тарелка,0.48775107,-0.16791856
dataset/Нейш3А-2018-2330_orig.jpg,train_seed,крышка,-0.21608698,0.55514765
dataset/Нейш3А-2018-2331_orig.jpg,train_seed,крышка,-0.22001092,0.47545925
dataset/Нейш3А-2018-2400_orig.jpg,train_seed,крышка,-0.2526352,0.421959
dataset/Нейш3А-2018-2416_orig.jpg,train_seed,изразец,-0.6432367,-0.2897211
dataset/Нейш3А-2018-2435_orig.jpg,train_seed,тарелка,-0.1761227,0.5034724
dataset/Нейш3А-2018-2510_orig.jpg,train_seed,крышка,0.22607245,0.3370264
dataset/Нейш3А-2018-2549_orig.jpg,train_seed,крышка,0.16740116,0.21066141
dataset/Нейш3А-2018-2552_orig.jpg,train_seed,крышка,0.07429389,0.20949334
dataset/Нейш3А-2018-2553_orig.jpg,train_seed,крышка,0.12996346,0.20063934
dataset/Нейш3А-2018-2554_orig.jpg,train_seed,крышка,0.07095081,0.2483442
dataset/Нейш3А-2018-2556_orig.jpg,train_seed,крышка,0.079373404,0.1785285
dataset/Нейш3А-2018-2588_orig.jpg,train_seed,крышка,0.26515105,0.15707499
dataset/Нейш3А-2018-2665_orig.jpg,train_seed,тарелка,-0.22692898,0.4483446
dataset/Нейш3А-2018-2953_orig.jpg,train_seed,блюдце,0.4532019,-0.007591268
dataset/Нейш3А-2018-3010_orig.jpg,train_seed,тарелка,0.43957973,-0.035595447
dataset/Нейш3А-2018-3011_orig.jpg,train_seed,тарелка,0.505848,-0.24754764
dataset/Нейш3А-2018-3012_orig.jpg,train_seed,тарелка,0.53070545,-0.23015462
dataset/Нейш3А-2018-3060_orig.jpg,train_seed,блюдце,0.42829114,0.12137261
dataset/Нейш3А-2018-3690_orig.jpg,train_seed,блюдце,0.21452102,0.24742815
dataset/Нейш3А-2018-3692_orig.jpg,train_seed,игрушка,0.007441806,0.16870067
dataset/Нейш3А-2018-3712_orig.jpg,train_seed,изразец,-0.6036476,-0.24699324
dataset/Нейш3А-2018-3748_orig.jpg,train_seed,блюдце,0.41590825,0.06727455
dataset/Нейш3А-2018-4068_orig.jpg,train_seed,крышка,0.19885409,0.13488854
dataset/Нейш3А-2018-4071_orig.jpg,train_seed,плитка,-0.11921129,0.06865257
dataset/Нейш3А-2018-4342_orig.jpg,train_seed,крышка,-0.22359313,0.57666516
dataset/Нейш3А-2018-4499_orig.jpg,train_seed,крышка,0.046342764,0.3220696
dataset/Нейш3А-2018-4581_orig.jpg,train_seed,блюдце,0.5396289,-0.08649798
dataset/Нейш3А-2018-4582_orig.jpg,train_seed,блюдце,0.49776134,-0.028847685
dataset/Нейш3А-2018-4603_orig.jpg,train_seed,блюдце,0.2775434,0.13010663
dataset/Нейш3А-2018-4749_orig.jpg,train_seed,тарелка,0.5023583,-0.220845
dataset/Нейш3А-2018-4751_orig.jpg,train_seed,блюдце,0.4089061,0.0719428
dataset/Нейш3А-2018-4914_orig.jpg,train_seed,тарелка,0.4144806,-0.31969103
dataset/Нейш3А-2018-4945_orig.jpg,train_seed,блюдце,0.30438432,0.16479228
dataset/Нейш3А-2018-4973_orig.jpg,train_seed,тарелка,0.52739596,-0.23961738
dataset/Нейш3А-2018-4977_orig.jpg,train_seed,тарелка,0.3752195,-0.22602902
dataset/Нейш3А-2018-5002_orig.jpg,train_seed,тарелка,0.5420209,-0.26896188
dataset/Нейш3А-2018-5125_orig.jpg,train_seed,тарелка,-0.16585001,0.33622617
dataset/Нейш3А-2018-5132_orig.jpg,train_seed,тарелка,0.071478024,0.18466727
dataset/Нейш3А-2018-5225_orig.jpg,train_seed,тарелка,0.531944,-0.2203568
dataset/Нейш3А-2018-5236_orig.jpg,train_seed,тарелка,0.5376324,-0.26922312
dataset/Нейш3А-2018-5303_orig.jpg,train_seed,миска,-0.24657597,0.6588042
dataset/Нейш3А-2018-5619_orig.jpg,train_seed,крышка,-0.3745624,0.5140129
dataset/Нейш3А-2018-5661_orig.jpg,train_seed,тарелка,0.5321546,-0.12657754
dataset/Нейш3А-2018-5708_orig.jpg,train_seed,тарелка,0.46842423,-0.20021096
dataset/Нейш3А-2018-5763_orig.jpg,train_seed,тарелка,0.28914377,-0.10253494
dataset/Нейш3А-2018-5863_orig.jpg,train_seed,миска,-0.26968846,0.6055184
dataset/Нейш3А-2018-5886_orig.jpg,train_seed,миска,-0.29086322,0.57046115
dataset/Нейш3А-2018-5893_orig.jpg,train_seed,тарелка,0.10703197,0.16099219
dataset/Нейш3А-2018-5912_orig.jpg,train_seed,миска,-0.25091702,0.63087326
dataset/Нейш3А-2018-5959_orig.jpg,train_seed,крышка,-0.22084554,0.44989145
dataset/Нейш3А-2018-5986_orig.jpg,train_seed,крышка,-0.2631206,0.47614467
dataset/Нейш3А-2018-6024_orig.jpg,train_seed,миска,-0.21289282,0.7421758
dataset/Нейш3А-2018-6025_orig.jpg,train_seed,тарелка,0.08099825,0.07417351
dataset/Нейш3А-2018-6028_orig.jpg,train_seed,миска,-0.30496275,0.56056666
dataset/Нейш3А-2018-6055_orig.jpg,train_seed,крышка,-0.26535872,0.35558122
dataset/Нейш3А-2018-6297_orig.jpg,train_seed,миска,-0.26778612,0.5239251
dataset/Нейш3А-2018-6973_orig.jpg,train_seed,блюдце,0.53365993,-0.16678259
dataset/Нейш3А-2018-7177_orig.jpg,train_seed,крышка,-0.25634778,0.54453844
dataset/Нейш3А-2018-7185_orig.jpg,train_seed,тарелка,0.5727787,-0.20329763
dataset/Нейш3А-2018-7194_orig.jpg,train_seed,тарелка,0.5189246,-0.21759391
dataset/Нейш3А-2018-7213_orig.jpg,train_seed,тарелка,0.47488552,-0.0415083
dataset/Нейш3А-2018-7215_orig.jpg,train_seed,блюдце,0.40325993,0.07962505
dataset/Нейш3А-2018-7216_orig.jpg,train_seed,тарелка,0.41279587,-0.16792409
dataset/Нейш3А-2018-7338_orig.jpg,train_seed,тарелка,0.5398808,-0.25370204
dataset/Нейш3А-2019-097_orig.jpg,train_seed,крышка,0.09574532,0.22836536
dataset/Нейш3А-2019-113_orig.jpg,train_seed,миска,-0.32567677,0.6249004
dataset/Нц-102-1523_orig.jpg,train_seed,плитка,-0.049923353,0.030057823
dataset/Нц-102-1976_orig.jpg,train_seed,плитка,-0.073036656,0.024914898
dataset/Нц-102-1977_orig.jpg,train_seed,плитка,-0.057863433,0.118256025
dataset/Нц-106-11_orig.jpg,train_seed,тарелка,-0.14276849,0.3742722
dataset/Нц-106-19_orig.jpg,train_seed,изразец,-0.55877185,-0.18361671
dataset/Нц-23-0180_orig.jpg,train_seed,изразец,-0.5705402,-0.19165176
dataset/Нц-23-1058_orig.jpg,train_seed,тарелка,0.007748188,0.21497323
dataset/Нц-23-1215_orig.jpg,train_seed,тарелка,0.014419368,-0.15927047
dataset/Нц-23-1503_orig.jpg,train_seed,тарелка,-0.19594403,0.108103536
dataset/Нц-23-1785_orig.jpg,train_seed,тарелка,-0.098042905,0.24727754
dataset/Нц-23-1970_orig.jpg,train_seed,изразец,-0.5832513,-0.115660295
dataset/Нц-23-2064_orig.jpg,train_seed,изразец,-0.64007807,-0.08964096
dataset/Нц-23-2188_orig.jpg,train_seed,изразец,-0.5914816,-0.22437601
dataset/Нц-23-2271_orig.jpg,train_seed,тарелка,-0.10232799,0.22769234
dataset/Нц-24-190_orig.jpg,train_seed,миска,-0.24522619,0.60656255
dataset/Нц-25-0068_orig.jpg,train_seed,изразец,-0.5979926,-0.29972503
dataset/Нц-25-0093_orig.jpg,train_seed,изразец,-0.58383733,-0.27320617
dataset/Нц-25-0417_orig.jpg,train_seed,изразец,-0.6157961,-0.32575443
dataset/Нц-25-0730_orig.jpg,train_seed,изразец,-0.5277854,-0.23590627
dataset/Нц-25-0759_orig.jpg,train_seed,изразец,-0.6199715,-0.18229268
dataset/Нц-27-481_orig.jpg,train_seed,изразец,-0.64561135,-0.26066667
dataset/Нц-27-537_orig.jpg,train_seed,изразец,-0.63833416,-0.23237406
dataset/Нц-27-617_orig.jpg,train_seed,изразец,-0.5689108,-0.17628682
dataset/Нц-30-025_orig.jpg,train_seed,тарелка,-0.1249877,0.21043755
dataset/Нц-30-065_orig.jpg,train_seed,тарелка,-0.24031387,0.23353156
dataset/Нц-30-131_orig.jpg,train_seed,миска,-0.32116845,0.63834137
dataset/Нц-30-662_orig.jpg,train_seed,крышка,0.08037955,0.24732463
dataset/Нц-30-705_orig.jpg,train_seed,тарелка,-0.18548432,0.33310977
dataset/Нц-30-736_orig.jpg,train_seed,тарелка,0.46276182,-0.2547161
dataset/Нц-30-899_orig.jpg,train_seed,блюдце,-0.017506128,0.28807238
dataset/Нц-30-968_orig.jpg,train_seed,блюдце,0.48236045,0.03471102
dataset/Нц-30-982_orig.jpg,train_seed,тарелка,-0.032656908,0.45521265
dataset/Нц-31-0251_orig.jpg,train_seed,изразец,-0.62716275,-0.32053202
dataset/Нц-31-0391_orig.jpg,train_seed,изразец,-0.6130342,-0.16541122
dataset/Нц-31-0639_orig.jpg,train_seed,изразец,-0.5113747,-0.29733506
dataset/Нц-32-0062_orig.jpg,train_seed,изразец,-0.59985954,-0.31585738
dataset/Нц-32-0063_orig.jpg,train_seed,тарелка,0.41486853,-0.17823668
dataset/Нц-32-0087_orig.jpg,train_seed,миска,-0.24087673,0.6120881
dataset/Нц-32-0096_orig.jpg,train_seed,изразец,-0.35126603,-0.20877282
dataset/Нц-32-0099_orig.jpg,train_seed,миска,-0.21302758,0.62539935
dataset/Нц-32-0101_orig.jpg,train_seed,тарелка,0.10453576,0.30597365
dataset/Нц-32-0217_orig.jpg,train_seed,миска,-0.23353454,0.6878273
dataset/Нц-32-0344_orig.jpg,train_seed,тарелка,0.41857988,-0.16253275
dataset/Нц-32-0466_orig.jpg,train_seed,изразец,-0.57648885,-0.3540113
dataset/Нц-32-0937_orig.jpg,train_seed,тарелка,-0.012103063,0.11994649
dataset/Нц-32-0978_orig.jpg,train_seed,изразец,-0.5952617,-0.09038894
dataset/Нц-32-1000_orig.jpg,train_seed,тарелка,-0.052887056,0.22542323
dataset/Нц-33-0068_orig.jpg,train_seed,тарелка,0.4813387,-0.25392386
dataset/Нц-33-0072_orig.jpg,train_seed,изразец,-0.49658224,-0.23493876
dataset/Нц-33-0075_orig.jpg,train_seed,тарелка,0.44531074,-0.06751484
dataset/Нц-33-0129_orig.jpg,train_seed,крышка,0.030526403,0.1072228
dataset/Нц-33-0135_orig.jpg,train_seed,изразец,-0.5829924,-0.26484784
dataset/Нц-33-0286_orig.jpg,train_seed,тарелка,0.41722646,-0.12481014
dataset/Нц-33-1349_orig.jpg,train_seed,тарелка,-0.013283027,0.18849558
dataset/Нц-33-1499_orig.jpg,train_seed,тарелка,0.41255575,-0.20111597
dataset/Нц-33-1686_orig.jpg,train_seed,тарелка,-0.15431964,0.13689087
dataset/Нц-33-1713_orig.jpg,train_seed,миска,-0.25905636,0.6348923
dataset/Нц-33-1733_orig.jpg,train_seed,тарелка,0.5266571,-0.20539436
dataset/Нц-33-1878_orig.jpg,train_seed,тарелка,0.41033658,-0.207813
dataset/Нц-33-2470_orig.jpg,train_seed,тарелка,0.055362456,0.16643196
dataset/Нц-33-2608_orig.jpg,train_seed,тарелка,0.37813923,-0.24475485
dataset/Нц-33-2748_orig.jpg,train_seed,миска,-0.23333131,0.6556406
dataset/Нц-33-2751_orig.jpg,train_seed,тарелка,-0.20288801,0.2687358
dataset/Нц-33-2813_orig.jpg,train_seed,тарелка,-0.26960042,0.32914516
dataset/Нц-33-2934_orig.jpg,train_seed,тарелка,-0.14068401,0.24979219
dataset/Нц-33-2946_orig.jpg,train_seed,тарелка,0.41865396,-0.26715526
dataset/Нц-33-2959_orig.jpg,train_seed,тарелка,0.12402959,0.04168357
dataset/Нц-33-2987_orig.jpg,train_seed,тарелка,0.48564795,-0.1631695
dataset/Нц-33-2988_orig.jpg,train_seed,тарелка,0.4904181,-0.20585799
dataset/Нц-33-2991_orig.jpg,train_seed,тарелка,-0.030196985,0.16914369
dataset/Нц-33-4316_orig.jpg,train_seed,тарелка,0.56071424,-0.26094982
dataset/Нц-33-4872_orig.jpg,train_seed,тарелка,-0.0983674,-0.15438123
dataset/Нц-33-5144_orig.jpg,train_seed,тарелка,-0.10810992,0.030881137
dataset/Нц-33-5186_orig.jpg,train_seed,крышка,-0.25396758,0.53287315
dataset/Нц-33-5212_orig.jpg,train_seed,тарелка,-0.15897536,0.22223933
dataset/Нц-33-5293_orig.jpg,train_seed,тарелка,-0.074347734,0.19475117
dataset/Нц-33-5509_orig.jpg,train_seed,тарелка,0.39157867,-0.014672841
dataset/Нц-33-5563_orig.jpg,train_seed,изразец,-0.6238834,-0.22767028
dataset/Нц-33-5574_orig.jpg,train_seed,тарелка,-0.2006441,0.2462728
dataset/Нц-33-5599_orig.jpg,train_seed,тарелка,-0.036077846,0.04638737
dataset/Нц-33-5640_orig.jpg,train_seed,тарелка,0.12594664,-0.15309498
dataset/Нц-33-5724_orig.jpg,train_seed,миска,-0.16073903,0.33090556
dataset/Нц-33-5728_orig.jpg,train_seed,тарелка,-0.30155593,0.22562194
dataset/Нц-33-5758_orig.jpg,train_seed,тарелка,0.4395824,-0.21868399
dataset/Нц-33-5772_orig.jpg,train_seed,тарелка,0.25384408,-0.015344518
dataset/Нц-33-5782_orig.jpg,train_seed,тарелка,-0.074600816,0.44429243
dataset/Нц-34-079_orig.jpg,train_seed,изразец,-0.565013,-0.30343306
dataset/Нц-35-151_orig.jpg,train_seed,тарелка,0.524902,-0.26505718
dataset/Нц-35-190_orig.jpg,train_seed,блюдце,0.38556525,0.099945195
dataset/Нц-35-225_orig.jpg,train_seed,блюдце,0.3544167,0.04578718
dataset/Нц-35-314_orig.jpg,train_seed,тарелка,0.5021791,-0.15514211
dataset/Нц-36-397_orig.jpg,train_seed,тарелка,-0.17364867,0.18590164
dataset/Нц-36-401_orig.jpg,train_seed,тарелка,0.54593724,-0.21647966
dataset/Нц-36-469_orig.jpg,train_seed,тарелка,0.37009707,0.027488034
dataset/Нц-37-0054_orig.jpg,train_seed,изразец,-0.6312081,-0.39030677
dataset/Нц-37-0125_orig.jpg,train_seed,изразец,-0.58046037,-0.18099721
dataset/Нц-37-0195_orig.jpg,train_seed,изразец,-0.5461287,-0.34661087
dataset/Нц-37-0589_orig.jpg,train_seed,изразец,-0.59368294,-0.19133678
dataset/Нц-37-0590_orig.jpg,train_seed,изразец,-0.61979187,-0.27180314
dataset/Нц-37-0654_orig.jpg,train_seed,изразец,-0.5917565,-0.24934946
dataset/Нц-37-0655_orig.jpg,train_seed,изразец,-0.6570775,-0.21937424
dataset/Нц-37-1369_orig.jpg,train_seed,изразец,-0.56759894,-0.034972012
dataset/Нц-37-1482_orig.jpg,train_seed,изразец,-0.6078705,-0.22916122
dataset/Нц-37-1527_orig.jpg,train_seed,изразец,-0.6096811,-0.33284897
dataset/Нц-37-1843_orig.jpg,train_seed,изразец,-0.63770443,-0.27222922
dataset/Нц-41-0031_orig.jpg,train_seed,крышка,-0.08220082,0.29613313
dataset/Нц-41-0069_orig.jpg,train_seed,изразец,-0.63416237,-0.29397917
dataset/Нц-41-0178_orig.jpg,train_seed,изразец,-0.6213392,-0.30511242
dataset/Нц-41-0620_orig.jpg,train_seed,изразец,-0.56445646,-0.23718205
dataset/Нц-41-0964_orig.jpg,train_seed,изразец,-0.57049024,-0.31302732
dataset/Нц-41-1212_orig.jpg,train_seed,тарелка,-0.0149209425,0.09415943
dataset/Нц-41-1213_orig.jpg,train_seed,тарелка,-0.051836383,0.42622784
dataset/Нц-43-06_orig.jpg,train_seed,тарелка,0.47545755,-0.071224146
dataset/Нц-44-0086_orig.jpg,train_seed,изразец,-0.640626,-0.36888802
dataset/Нц-44-0131_orig.jpg,train_seed,изразец,-0.62844676,-0.13750108
dataset/Нц-44-0353_orig.jpg,train_seed,изразец,-0.48355728,-0.30471912
dataset/Нц-44-0458_orig.jpg,train_seed,тарелка,0.5965209,-0.22627932
dataset/Нц-44-0870_orig.jpg,train_seed,изразец,-0.52197605,-0.2029844
dataset/Нц-44-1077_orig.jpg,train_seed,тарелка,0.5305479,-0.16408919
dataset/Нц-44-1159_orig.jpg,train_seed,изразец,-0.6441978,-0.3673384
dataset/Нц-44-1181_orig.jpg,train_seed,изразец,-0.5933641,-0.13993227
dataset/Нц-44-1182_orig.jpg,train_seed,изразец,-0.5986466,-0.24979587
dataset/Нц-44-1771_orig.jpg,train_seed,тарелка,0.54957914,-0.13319166
dataset/Нц-44-1814_orig.jpg,train_seed,миска,-0.22306041,0.6631174
dataset/Нц-45-0009_orig.jpg,train_seed,тарелка,0.5022549,-0.30618304
dataset/Нц-45-0019_orig.jpg,train_seed,тарелка,0.09323043,0.04480801
dataset/Нц-45-0020_orig.jpg,train_seed,тарелка,0.48201737,-0.31239042
dataset/Нц-45-0036_orig.jpg,train_seed,изразец,-0.55518055,-0.12589486
dataset/Нц-45-0092_orig.jpg,train_seed,изразец,-0.59028316,-0.21144697
dataset/Нц-45-0102_orig.jpg,train_seed,миска,-0.15256478,0.6222847
dataset/Нц-45-0198_orig.jpg,train_seed,изразец,-0.6450689,-0.36240283
dataset/Нц-45-0199_orig.jpg,train_seed,изразец,-0.5637804,-0.41832158
dataset/Нц-45-0203_orig.jpg,train_seed,изразец,-0.65282446,-0.19051534
dataset/Нц-45-0230_orig.jpg,train_seed,тарелка,0.5668786,-0.2307999
dataset/Нц-45-0233_orig.jpg,train_seed,изразец,-0.6758267,-0.2077843
dataset/Нц-45-0235_orig.jpg,train_seed,изразец,-0.5890846,-0.34904692
dataset/Нц-45-0253_orig.jpg,train_seed,изразец,-0.61539996,-0.3427708
dataset/Нц-45-0278_orig.jpg,train_seed,изразец,-0.59077066,-0.3549231
dataset/Нц-45-0357_orig.jpg,train_seed,тарелка,0.3466772,-0.2625345
dataset/Нц-45-0370_orig.jpg,train_seed,тарелка,0.6222857,-0.22116436
dataset/Нц-45-0371_orig.jpg,train_seed,тарелка,0.47535706,-0.19700624
dataset/Нц-45-0408_orig.jpg,train_seed,изразец,-0.5798261,-0.17815767
dataset/Нц-45-0409_orig.jpg,train_seed,изразец,-0.590434,-0.37238535
dataset/Нц-45-0437_orig.jpg,train_seed,изразец,-0.5974159,-0.13754426
dataset/Нц-45-0438_orig.jpg,train_seed,изразец,-0.6036723,-0.25948504
dataset/Нц-45-0513_orig.jpg,train_seed,изразец,-0.5893914,-0.18763793
dataset/Нц-45-0514_orig.jpg,train_seed,изразец,-0.5922845,-0.25958636
dataset/Нц-45-0515_orig.jpg,train_seed,изразец,-0.60783076,-0.16258216
dataset/Нц-45-0516_orig.jpg,train_seed,изразец,-0.51821804,-0.19353625
dataset/Нц-45-0522_orig.jpg,train_seed,изразец,-0.52560437,-0.2955737
dataset/Нц-45-0530_orig.jpg,train_seed,тарелка,0.5505414,-0.22989018
dataset/Нц-45-0540_orig.jpg,train_seed,изразец,-0.6076121,-0.26703274
dataset/Нц-45-0550_orig.jpg,train_seed,блюдце,0.5354228,-0.018219996
dataset/Нц-45-0573_orig.jpg,train_seed,изразец,-0.6086671,-0.3079447
dataset/Нц-45-0599_orig.jpg,train_seed,изразец,-0.5562581,-0.31056827
dataset/Нц-45-0612_orig.jpg,train_seed,тарелка,0.24461861,-0.21662335
dataset/Нц-45-0850_orig.jpg,train_seed,миска,-0.0311267,0.3115461
dataset/Нц-45-0863_orig.jpg,train_seed,тарелка,0.27563286,-0.011079483
dataset/Нц-45-0998_orig.jpg,train_seed,миска,-0.28311983,0.65776014
dataset/Нц-45-1013_orig.jpg,train_seed,изразец,-0.5624013,-0.28892374
dataset/Нц-45-1079_orig.jpg,train_seed,тарелка,0.46489665,-0.2289532
dataset/Нц-45-1239_orig.jpg,train_seed,крышка,-0.192272,0.62278974
dataset/Нц-45-1257_orig.jpg,train_seed,крышка,-0.31816542,0.41847393
dataset/Нц-45-1259_orig.jpg,train_seed,изразец,-0.5157126,-0.1808018
dataset/Нц-45-1265_orig.jpg,train_seed,тарелка,0.4864775,-0.2284554
dataset/Нц-45-1267_orig.jpg,train_seed,изразец,-0.436237,-0.17069072
dataset/Нц-45-1299_orig.jpg,train_seed,изразец,-0.63111544,-0.25816807
dataset/Нц-45-1306_orig.jpg,train_seed,изразец,-0.50725853,-0.16730985
dataset/Нц-45-1434_orig.jpg,train_seed,плитка,-0.21869467,-0.10065185
dataset/Нц-45-1436_orig.jpg,train_seed,изразец,-0.64391935,-0.3008742
dataset/Нц-45-1441_orig.jpg,train_seed,изразец,-0.1319395,-0.22089997
dataset/Нц-45-1460_orig.jpg,train_seed,изразец,-0.6766095,-0.29197523
dataset/Нц-45-1463_orig.jpg,train_seed,изразец,-0.5031885,-0.24197342
dataset/Нц-45-1529_orig.jpg,train_seed,миска,-0.2815011,0.49964464
dataset/Нц-45-1531_orig.jpg,train_seed,миска,-0.2821134,0.5020964
dataset/Нц-45-1562_orig.jpg,train_seed,миска,-0.39854503,0.496361
dataset/Нц-46-067_orig.jpg,train_seed,тарелка,0.52206755,-0.21460512
dataset/Нц-46-137_orig.jpg,train_seed,тарелка,0.5904317,-0.22291109
dataset/Нц-46-144_orig.jpg,train_seed,тарелка,0.48652697,-0.3019282
dataset/Нц-46-148_orig.jpg,train_seed,изразец,-0.56394,-0.3420568
dataset/Нц-46-170_orig.jpg,train_seed,тарелка,0.51755995,-0.17730004
dataset/Нц-46-210_orig.jpg,train_seed,тарелка,0.5531586,-0.20329915
dataset/Нц-46-211_orig.jpg,train_seed,тарелка,0.52752703,-0.25365594
dataset/Нц-46-221_orig.jpg,train_seed,тарелка,0.4794393,-0.25377893
dataset/Нц-46-225_orig.jpg,train_seed,тарелка,0.51243806,-0.2562436
dataset/Нц-46-228_orig.jpg,train_seed,тарелка,0.54880756,-0.21574993
dataset/Нц-46-235_orig.jpg,train_seed,тарелка,0.6055294,-0.15477979
dataset/Нц-46-240_orig.jpg,train_seed,тарелка,0.42777285,-0.24812195
dataset/Нц-46-335_orig.jpg,train_seed,тарелка,0.531245,-0.27658686
dataset/Нц-46-336_orig.jpg,train_seed,тарелка,0.52555656,-0.22077341
dataset/Нц-46-385_orig.jpg,train_seed,тарелка,0.43747297,-0.2180545
dataset/Нц-46-437_orig.jpg,train_seed,крышка,-0.3696282,0.36885276
dataset/Нц-46-499_orig.jpg,train_seed,изразец,-0.49464595,-0.21545802
dataset/Нц-46-736_orig.jpg,train_seed,блюдце,0.47770992,-0.08494893
dataset/Нц-48-016_orig.jpg,train_seed,изразец,-0.5156458,-0.33287036
dataset/Нц-48-027_orig.jpg,train_seed,миска,-0.3012098,0.57385147
dataset/Нц-48-073_orig.jpg,train_seed,изразец,-0.46226004,-0.22757898
dataset/Нц-48-074_orig.jpg,train_seed,изразец,-0.64781576,-0.19382417
dataset/Нц-48-304_orig.jpg,train_seed,изразец,-0.58408916,-0.36322737
dataset/Нц-48-326_orig.jpg,train_seed,тарелка,0.52529514,-0.20416366
dataset/Нц-48-334_orig.jpg,train_seed,тарелка,0.44855478,-0.22459194
dataset/Нц-48-341_orig.jpg,train_seed,миска,0.17330568,0.3076411
dataset/Нц-48-342_orig.jpg,train_seed,миска,0.11752305,0.32196257
dataset/Нц-48-360_orig.jpg,train_seed,изразец,-0.4853287,-0.09664399
dataset/Нц-48-376_orig.jpg,train_seed,изразец,-0.5898777,-0.26152137
dataset/Нц-48-378_orig.jpg,train_seed,изразец,-0.4212697,0.038518663
dataset/Нц-49-010_orig.jpg,train_seed,изразец,-0.58588374,-0.37405187
dataset/Нц-52-002_orig.jpg,train_seed,изразец,-0.6131474,-0.046658963
dataset/Нц-52-171_orig.jpg,train_seed,изразец,-0.5702667,-0.2925013
dataset/Нц-52-181_orig.jpg,train_seed,изразец,-0.54927033,-0.22088405
dataset/Нц-52-220_orig.jpg,train_seed,изразец,-0.6015621,-0.29836485
dataset/Нц-52-255_orig.jpg,train_seed,тарелка,-0.0929211,0.12615947
dataset/Нц-52-389_orig.jpg,train_seed,тарелка,-0.009540979,0.16588797
dataset/Нц-52-397_orig.jpg,train_seed,тарелка,-0.16252947,0.53339255
dataset/Т-12-Р2-1418_orig.jpg,train_seed,плитка,-0.26727146,0.07339916
dataset/Т-12-Р2-1438_orig.jpg,train_seed,крышка,-0.16624676,0.53404367
dataset/Т-12-Р2-1636_orig.jpg,train_seed,крышка,-0.03778452,0.36439136
dataset/Т-12-Р2-1716_orig.jpg,train_seed,тарелка,0.48100632,-0.11362929
dataset/Т-12-Р2-1779_orig.jpg,train_seed,тарелка,-0.08691998,0.19046742
dataset/Т-12-Р2-1783_orig.jpg,train_seed,изразец,-0.63463295,-0.2123743
dataset/Т-12-Р2-1972_orig.jpg,train_seed,миска,-0.17148666,0.6531875
dataset/Т-12-Р2-1974_orig.jpg,train_seed,миска,-0.25749174,0.6072368
dataset/Т-12-Р2-2049_orig.jpg,train_seed,крышка,-0.28134865,0.4174895
dataset/Т-12-Р2-2347_orig.jpg,train_seed,блюдце,0.43706375,0.060708568
dataset/Т-12-Р2-2696_orig.jpg,train_seed,тарелка,0.5234668,-0.20203106
dataset/Т-12-Р2-2697_orig.jpg,train_seed,тарелка,0.5437134,-0.1838971
dataset/Т-12-Р2-2698_orig.jpg,train_seed,тарелка,0.40936178,-0.16123465
dataset/Т-12-Р2-2699_orig.jpg,train_seed,тарелка,0.47619906,-0.13114496
dataset/Т-12-Р2-2712_orig.jpg,train_seed,блюдце,0.390676,-0.01080142
dataset/Т-12-Р2-2714_orig.jpg,train_seed,миска,0.24744776,0.1770278
dataset/Т-12-Р2-2779_orig.jpg,train_seed,блюдце,0.47515354,0.02993074
dataset/Т-12-Р2-2780_orig.jpg,train_seed,блюдце,0.4232348,0.10127272
dataset/Т-12-Р2-2897_orig.jpg,train_seed,миска,-0.34282842,0.55390465
dataset/Т-12-Р2-2921_orig.jpg,train_seed,миска,-0.3342112,0.52984685
dataset/Т-12-Р2-2924_orig.jpg,train_seed,миска,-0.27716297,0.58680135
dataset/Т-12-Р2-2946_orig.jpg,train_seed,крышка,0.24736588,0.15770286
dataset/Т-12-Р2-3013_orig.jpg,train_seed,крышка,-0.027436124,0.2707853
dataset/Т-12-Р2-3015_orig.jpg,train_seed,крышка,-0.03584539,0.25234258
dataset/Т-12-Р2-3017_orig.jpg,train_seed,крышка,-0.043736544,0.24809718
dataset/Т-12-Р2-3018_orig.jpg,train_seed,крышка,-0.042283423,0.2932821
dataset/Т-12-Р2-3023_orig.jpg,train_seed,крышка,-0.06970152,0.31963852
dataset/Т-12-Р3-1007_orig.jpg,train_seed,блюдце,0.40154365,0.00799924
dataset/Т-12-Р3-1008_orig.jpg,train_seed,блюдце,0.31169492,0.09396376
dataset/Т-12-Р3-1009_orig.jpg,train_seed,миска,-0.27847522,0.5972652
dataset/Т-12-Р3-1031_orig.jpg,train_seed,тарелка,0.33787075,-0.3360361
dataset/Т-12-Р3-1065_orig.jpg,train_seed,блюдце,0.45706588,0.049696915
dataset/Т-12-Р3-1093_orig.jpg,train_seed,тарелка,0.48568234,-0.11289934
dataset/Т-12-Р3-1124_orig.jpg,train_seed,блюдце,0.31865937,0.08868926
dataset/Т-12-Р3-1540_orig.jpg,train_seed,тарелка,-0.1019516,0.27552813
dataset/Т-12-Р3-1541_orig.jpg,train_seed,миска,-0.29910222,0.6462395
dataset/Т-12-Р3-1550_orig.jpg,train_seed,тарелка,-0.20820011,0.37761134
dataset/Т-12-Р3-1567_orig.jpg,train_seed,изразец,-0.6207164,-0.23386621
dataset/Т-12-Р3-1568_orig.jpg,train_seed,изразец,-0.60308194,-0.33456162
dataset/Т-12-Р3-1569_orig.jpg,train_seed,изразец,-0.6361172,-0.3550514
dataset/Т-12-Р3-1570_orig.jpg,train_seed,изразец,-0.62331337,-0.3380433
dataset/Т-12-Р3-1574_orig.jpg,train_seed,изразец,-0.6226133,-0.25330833
dataset/Т-12-Р3-1575_orig.jpg,train_seed,изразец,-0.6632293,-0.23823316
dataset/Т-12-Р3-1578_orig.jpg,train_seed,изразец,-0.6780776,-0.20373948
dataset/Т-12-Р3-1581_orig.jpg,train_seed,изразец,-0.61402,-0.2712952
dataset/Т-12-Р3-1690_orig.jpg,train_seed,тарелка,0.48981825,-0.27988866
dataset/Т-12-Р3-1783_orig.jpg,train_seed,миска,-0.26078242,0.63146615
dataset/Т-12-Р3-1985_orig.jpg,train_seed,миска,-0.24579869,0.44441682
dataset/Т-12-Р3-2035_orig.jpg,train_seed,тарелка,0.026655117,0.39479676
dataset/Т-12-Р3-2036_orig.jpg,train_seed,тарелка,0.008234394,0.22963366
dataset/Т-12-Р3-2194_orig.jpg,train_seed,тарелка,0.3420095,-0.08446624
dataset/Т-12-Р3-2245_orig.jpg,train_seed,миска,-0.23472638,0.65122426
dataset/Т-12-Р3-2250_orig.jpg,train_seed,изразец,-0.6274183,-0.22437291
dataset/Т-12-Р3-2256_orig.jpg,train_seed,блюдце,0.42987895,-0.016435541
dataset/Т-12-Р3-2365_orig.jpg,train_seed,миска,-0.17590387,0.644035
dataset/Т-12-Р3-2642_orig.jpg,train_seed,изразец,-0.6294954,-0.30775815
dataset/Т-12-Р3-2647_orig.jpg,train_seed,изразец,-0.64796245,-0.36245838
dataset/Т-12-Р3-2658_orig.jpg,train_seed,изразец,-0.6506795,-0.30551463
dataset/Т-12-Р3-2659_orig.jpg,train_seed,изразец,-0.6532494,-0.22639792
dataset/Т-12-Р3-2660_orig.jpg,train_seed,изразец,-0.62629,-0.26133615
dataset/Т-12-Р3-2937_orig.jpg,train_seed,миска,-0.20440196,0.5553429
dataset/Т-12-Р4-1075_orig.jpg,train_seed,крышка,0.008139043,0.3344282
dataset/Т-12-Р4-1084_orig.jpg,train_seed,миска,-0.3169764,0.5669337
dataset/Т-12-Р4-1086_orig.jpg,train_seed,тарелка,0.45851955,-0.12587938
dataset/Т-12-Р4-1097_orig.jpg,train_seed,миска,-0.32793564,0.56997824
dataset/Т-12-Р4-1102_orig.jpg,train_seed,миска,-0.22801733,0.57163775
dataset/Т-12-Р4-1107_orig.jpg,train_seed,изразец,-0.6069285,-0.3281681
dataset/Т-12-Р4-1118_orig.jpg,train_seed,изразец,-0.6039672,-0.23707497
dataset/Т-12-Р4-1122_orig.jpg,train_seed,тарелка,0.51751125,-0.20732115
dataset/Т-12-Р4-1123_orig.jpg,train_seed,тарелка,0.46486455,-0.018990777
dataset/Т-12-Р4-1124_orig.jpg,train_seed,блюдце,0.5040968,-0.042019185
dataset/Т-12-Р4-1137_orig.jpg,train_seed,миска,-0.2082602,0.56859326
dataset/Т-12-Р4-1141_orig.jpg,train_seed,крышка,0.27765855,0.18285115
dataset/Т-12-Р4-1150_orig.jpg,train_seed,миска,-0.23998849,0.63574415
dataset/Т-12-Р4-1152_orig.jpg,train_seed,миска,-0.25644225,0.50138074
dataset/Т-12-Р4-1161_orig.jpg,train_seed,миска,-0.18931663,0.6203007
dataset/Т-12-Р4-1162_orig.jpg,train_seed,миска,-0.3818434,0.43639323
dataset/Т-12-Р4-1177_orig.jpg,train_seed,миска,-0.30428642,0.6363353
dataset/Т-12-Р4-1203_orig.jpg,train_seed,крышка,0.19105864,0.16253734
dataset/Т-12-Р4-1204_orig.jpg,train_seed,блюдце,0.47924116,-0.011936338
dataset/Т-12-Р4-1205_orig.jpg,train_seed,блюдце,0.36653504,0.06187817
dataset/Т-12-Р4-1207_orig.jpg,train_seed,тарелка,0.38350597,-0.028950239
dataset/Т-12-Р4-1210_orig.jpg,train_seed,блюдце,0.51570946,-0.0019885
dataset/Т-12-Р4-1211_orig.jpg,train_seed,миска,-0.2934529,0.59873915
dataset/Т-12-Р4-1218_orig.jpg,train_seed,блюдце,0.37240076,-0.024849223
dataset/Т-12-Р4-1224_orig.jpg,train_seed,крышка,-0.16375245,0.60491604
dataset/Т-12-Р4-1245_orig.jpg,train_seed,тарелка,0.5353984,-0.0823388
dataset/Т-12-Р4-1246_orig.jpg,train_seed,крышка,0.14381029,0.12489975
dataset/БП12-Г01-0767_orig.jpg,pool_candidate,крышка,0.19726503,0.272445
dataset/БП12-Г01-0956_orig.jpg,pool_candidate,крышка,0.053098686,0.42777967
dataset/БП12-Г01-2476_orig.jpg,pool_candidate,тарелка,0.23434885,-0.1468608
dataset/БП12-Г01-3461_orig.jpg,pool_candidate,тарелка,-0.0012996125,0.22914307
dataset/БП12-Г01-3462_orig.jpg,pool_candidate,тарелка,0.36039162,-0.14833866
dataset/БП12-Г01-3577_orig.jpg,pool_candidate,тарелка,0.48324826,-0.29536855
dataset/БП12-Г01-5844_orig.jpg,pool_candidate,блюдце,0.5218631,-0.22441827
dataset/БП12-Г01-6524_orig.jpg,pool_candidate,тарелка,0.48580286,-0.17057523
dataset/БП12-Г01-6940_orig.jpg,pool_candidate,крышка,-0.24880593,0.43496862
dataset/БП12-Г01-7262_orig.jpg,pool_candidate,крышка,0.19391821,0.16327523
dataset/БП12-Г01-7271_orig.jpg,pool_candidate,миска,-0.23558366,0.413863
dataset/БП12-Г01-7274_orig.jpg,pool_candidate,плитка,-0.2676194,-0.14631505
dataset/БП12-Г01-7738_orig.jpg,pool_candidate,тарелка,0.15285376,-0.037107326
dataset/БП12-Г01-8799_orig.jpg,pool_candidate,изразец,-0.6291408,-0.21180473
dataset/БП12-Г02-1735_orig.jpg,pool_candidate,миска,-0.19162048,0.43255273
dataset/БП12-Г02-2581_orig.jpg,pool_candidate,тарелка,-0.14324887,0.6121066
dataset/БП12-Г02-2655_orig.jpg,pool_candidate,плитка,0.02219873,-0.12918456
dataset/БП12-Г02-3865_orig.jpg,pool_candidate,изразец,-0.49354246,-0.40092734
dataset/БП12-Г02-3927_orig.jpg,pool_candidate,изразец,-0.51602155,0.12608382
dataset/БП12-Г02-4540_orig.jpg,pool_candidate,блюдце,0.53119373,-0.05078982
dataset/БП12-Г02-4708_orig.jpg,pool_candidate,крышка,-0.10938812,0.36458912
dataset/БП12-Т01-8073_orig.jpg,pool_candidate,блюдце,0.36928338,-0.21934927
dataset/БП12-Т01-8074_orig.jpg,pool_candidate,блюдце,0.52737045,-0.002631463
dataset/КБ-2014-Р3-0022_orig.jpg,pool_candidate,тарелка,0.4425724,-0.22447164
dataset/КБ-2014-Р3-0049_orig.jpg,pool_candidate,тарелка,0.5897997,-0.15271229
dataset/КБ-2014-Р3-0060_orig.jpg,pool_candidate,изразец,-0.5695018,-0.3092914
dataset/КБ-2014-Р3-0064_orig.jpg,pool_candidate,тарелка,0.5568326,-0.12941915
dataset/КБ-2014-Р3-0070_orig.jpg,pool_candidate,блюдце,0.47335383,-0.14010082
dataset/КБ-2014-Р3-0073_orig.jpg,pool_candidate,блюдце,0.41045925,0.12836455
dataset/КБ-2014-Р3-0086_orig.jpg,pool_candidate,тарелка,0.5030864,-0.2705204
dataset/КБ-2014-Р3-0105_orig.jpg,pool_candidate,тарелка,0.30144507,-0.2896073
dataset/КБ-2014-Р3-0114_orig.jpg,pool_candidate,тарелка,0.581646,-0.15930723
dataset/КБ-2014-Р3-0115_orig.jpg,pool_candidate,блюдце,0.27689302,0.17761868
dataset/КБ-2014-Р3-0116_orig.jpg,pool_candidate,блюдце,0.5059662,0.0611922
dataset/КБ-2014-Р3-0138_orig.jpg,pool_candidate,блюдце,0.40093386,-0.14550887
dataset/КБ-2014-Р3-0141_orig.jpg,pool_candidate,блюдце,0.39163017,0.034869842
dataset/КБ-2014-Р3-0147_orig.jpg,pool_candidate,изразец,-0.59421784,-0.38925985
dataset/КБ-2014-Р3-0151_orig.jpg,pool_candidate,крышка,-0.11159091,0.5421713
dataset/КБ-2014-Р3-0157_orig.jpg,pool_candidate,блюдце,0.33205962,0.04574302
dataset/КБ-2014-Р3-0158_orig.jpg,pool_candidate,тарелка,0.59849256,-0.19864579
dataset/КБ-2014-Р3-0171_orig.jpg,pool_candidate,тарелка,0.5947969,-0.2580957
dataset/КБ-2014-Р3-0252_orig.jpg,pool_candidate,крышка,0.25373793,-0.11643796
dataset/КБ-2014-Р3-0253_orig.jpg,pool_candidate,изразец,-0.61742175,-0.28508738
dataset/КБ-2014-Р3-0268_orig.jpg,pool_candidate,миска,-0.107438795,0.6028281
dataset/КБ-2014-Р3-0299_orig.jpg,pool_candidate,блюдце,0.4425194,-0.22534285
dataset/КБ-2014-Р3-0302_orig.jpg,pool_candidate,тарелка,0.5521386,-0.15156731
dataset/КБ-2014-Р3-0342_orig.jpg,pool_candidate,изразец,-0.123417854,-0.35587093
dataset/КБ-2014-Р3-0391_orig.jpg,pool_candidate,крышка,-0.05528276,0.2166745
dataset/КБ-2014-Р3-0394_orig.jpg,pool_candidate,тарелка,-0.08735299,0.430341
dataset/КБ-2014-Р3-0397_orig.jpg,pool_candidate,тарелка,0.23058586,-0.10239124
dataset/КБ-2014-Р3-0399_orig.jpg,pool_candidate,тарелка,-0.14647205,0.5059621
dataset/КБ-2014-Р3-0419_orig.jpg,pool_candidate,изразец,-0.5091484,0.08695794
dataset/КБ-2014-Р3-0436_orig.jpg,pool_candidate,блюдце,0.33418855,0.11750258
dataset/КБ-2014-Р3-0442_orig.jpg,pool_candidate,тарелка,0.55317956,-0.16635084
dataset/КБ-2014-Р3-0535_orig.jpg,pool_candidate,миска,-0.2980624,0.26712066
dataset/КБ-2014-Р3-0543_orig.jpg,pool_candidate,крышка,-0.19482012,0.4865914
dataset/Кроп-2013-252_orig.jpg,pool_candidate,блюдце,0.55540633,-0.10129847
dataset/Кроп-2013-263_orig.jpg,pool_candidate,блюдце,0.5151148,-0.029966379
dataset/Кроп-2013-421_orig.jpg,pool_candidate,тарелка,0.5665469,-0.1996054
dataset/Мич11-ш01-029_orig.jpg,pool_candidate,изразец,-0.60394317,-0.27637908
dataset/Нев11-Г04-182_orig.jpg,pool_candidate,крышка,-0.058867034,0.3248139
dataset/Нейш3А-2018-0102_orig.jpg,pool_candidate,блюдце,0.2834405,0.21919715
dataset/Нейш3А-2018-0111_orig.jpg,pool_candidate,тарелка,0.49924377,-0.18690316
dataset/Нейш3А-2018-0118_orig.jpg,pool_candidate,тарелка,-0.048815295,-0.009223513
dataset/Нейш3А-2018-0189_orig.jpg,pool_candidate,крышка,0.019775841,0.46115226
dataset/Нейш3А-2018-0210_orig.jpg,pool_candidate,блюдце,0.33307692,0.1704673
dataset/Нейш3А-2018-0374_orig.jpg,pool_candidate,тарелка,0.6178747,-0.20000322
dataset/Нейш3А-2018-0499_orig.jpg,pool_candidate,блюдце,0.5297943,-0.16432805
dataset/Нейш3А-2018-0629_orig.jpg,pool_candidate,блюдце,0.14986788,0.1881912
dataset/Нейш3А-2018-0726_orig.jpg,pool_candidate,тарелка,0.45738798,-0.04054367
dataset/Нейш3А-2018-0737_orig.jpg,pool_candidate,тарелка,0.57563287,-0.17835507
dataset/Нейш3А-2018-0742_orig.jpg,pool_candidate,блюдце,0.5055477,-0.06128004
dataset/Нейш3А-2018-0839_orig.jpg,pool_candidate,блюдце,0.5920754,-0.17963079
dataset/Нейш3А-2018-1042_orig.jpg,pool_candidate,блюдце,0.55193925,-0.071898535
dataset/Нейш3А-2018-1174_orig.jpg,pool_candidate,крышка,0.43457872,-0.118000075
dataset/Нейш3А-2018-1178_orig.jpg,pool_candidate,миска,-0.22581437,0.5589885
dataset/Нейш3А-2018-1182_orig.jpg,pool_candidate,крышка,0.17022741,0.33843008
dataset/Нейш3А-2018-1284_orig.jpg,pool_candidate,тарелка,0.5363422,-0.0960682
dataset/Нейш3А-2018-1533_orig.jpg,pool_candidate,изразец,-0.6019888,-0.15592659
dataset/Нейш3А-2018-1913_orig.jpg,pool_candidate,тарелка,0.4454323,-0.28165272
dataset/Нейш3А-2018-2047_orig.jpg,pool_candidate,крышка,-0.09875437,0.62483704
dataset/Нейш3А-2018-2170_orig.jpg,pool_candidate,тарелка,0.41123986,0.008423642
dataset/Нейш3А-2018-2476_orig.jpg,pool_candidate,миска,-0.09810094,0.41844505
dataset/Нейш3А-2018-2548_orig.jpg,pool_candidate,крышка,0.10296902,0.27438283
dataset/Нейш3А-2018-2550_orig.jpg,pool_candidate,крышка,-0.016679732,0.15459463
dataset/Нейш3А-2018-2555_orig.jpg,pool_candidate,крышка,0.07973347,0.23337382
dataset/Нейш3А-2018-2921_orig.jpg,pool_candidate,блюдце,0.3553927,0.21863225
dataset/Нейш3А-2018-2925_orig.jpg,pool_candidate,тарелка,0.47147894,-0.19246335
dataset/Нейш3А-2018-2926_orig.jpg,pool_candidate,блюдце,0.58416164,-0.124066114
dataset/Нейш3А-2018-3050_orig.jpg,pool_candidate,плитка,-0.3289773,-0.2238288
dataset/Нейш3А-2018-4085_orig.jpg,pool_candidate,изразец,-0.56831145,-0.32411796
dataset/Нейш3А-2018-4742_orig.jpg,pool_candidate,блюдце,0.29257342,0.06568397
dataset/Нейш3А-2018-5229_orig.jpg,pool_candidate,тарелка,0.6069918,-0.20714737
dataset/Нейш3А-2018-5597_orig.jpg,pool_candidate,блюдце,0.14341687,-0.081246175
dataset/Нейш3А-2018-5706_orig.jpg,pool_candidate,блюдце,0.5352762,0.0317561
dataset/Нейш3А-2018-5730_orig.jpg,pool_candidate,миска,-0.23882931,0.55034673
dataset/Нейш3А-2018-7127_orig.jpg,pool_candidate,тарелка,0.3156833,0.092027016
dataset/Нейш3А-2018-7207_orig.jpg,pool_candidate,тарелка,0.34968624,-0.23886721
dataset/Нц-102-1945_orig.jpg,pool_candidate,плитка,-0.45497477,-0.17432925
dataset/Нц-23-0561_orig.jpg,pool_candidate,изразец,-0.6424024,-0.361794
dataset/Нц-24-130_orig.jpg,pool_candidate,тарелка,0.0147553785,0.5503035
dataset/Нц-25-0652_orig.jpg,pool_candidate,изразец,-0.42202988,0.16699755
dataset/Нц-26-027_orig.jpg,pool_candidate,тарелка,-0.2468109,0.0004992607
dataset/Нц-27-591_orig.jpg,pool_candidate,изразец,-0.43335485,-0.08298465
dataset/Нц-29-17_orig.jpg,pool_candidate,изразец,-0.5270303,-0.32886875
dataset/Нц-31-0593_orig.jpg,pool_candidate,миска,-0.25511056,0.18847421
dataset/Нц-32-0136_orig.jpg,pool_candidate,изразец,-0.47617123,0.09756758
dataset/Нц-32-0785_orig.jpg,pool_candidate,миска,-0.37608302,0.3716379
dataset/Нц-32-0837_orig.jpg,pool_candidate,изразец,-0.48768273,-0.39893103
dataset/Нц-32-0918_orig.jpg,pool_candidate,крышка,-0.2751785,0.31850168
dataset/Нц-32-1037_orig.jpg,pool_candidate,тарелка,-0.09246447,0.2780431
dataset/Нц-33-0113_orig.jpg,pool_candidate,блюдце,0.5199299,0.031228153
dataset/Нц-33-0621_orig.jpg,pool_candidate,изразец,-0.19472882,-0.23185512
dataset/Нц-33-0703_orig.jpg,pool_candidate,игрушка,0.25646418,-0.13980871
dataset/Нц-33-2989_orig.jpg,pool_candidate,блюдце,0.30800435,-0.18160634
dataset/Нц-33-2990_orig.jpg,pool_candidate,тарелка,0.30014452,-0.0996327
dataset/Нц-33-5519_orig.jpg,pool_candidate,изразец,-0.48723283,0.009896158
dataset/Нц-33-5749_orig.jpg,pool_candidate,блюдце,0.4289273,0.11891376
dataset/Нц-35-033_orig.jpg,pool_candidate,тарелка,0.5871911,-0.25317368
dataset/Нц-36-274_orig.jpg,pool_candidate,тарелка,0.2577597,-0.25491256
dataset/Нц-36-503_orig.jpg,pool_candidate,тарелка,0.26812714,-0.22014065
dataset/Нц-37-0586_orig.jpg,pool_candidate,изразец,-0.6609424,-0.2636446
dataset/Нц-37-0587_orig.jpg,pool_candidate,изразец,-0.6390667,-0.31246468
dataset/Нц-37-0653_orig.jpg,pool_candidate,изразец,-0.64631546,-0.31805393
dataset/Нц-37-0656_orig.jpg,pool_candidate,изразец,-0.41201398,-0.15760903
dataset/Нц-38-09_orig.jpg,pool_candidate,миска,-0.16826038,0.3292095
dataset/Нц-40-067_orig.jpg,pool_candidate,тарелка,-0.18573104,0.444997
dataset/Нц-44-1035_orig.jpg,pool_candidate,тарелка,0.48579952,-0.16945025
dataset/Нц-44-1075_orig.jpg,pool_candidate,изразец,-0.4307674,-0.29301536
dataset/Нц-45-0070_orig.jpg,pool_candidate,изразец,-0.6468684,-0.2078504
dataset/Нц-45-0121_orig.jpg,pool_candidate,тарелка,0.5188781,-0.10456151
dataset/Нц-45-0160_orig.jpg,pool_candidate,изразец,-0.6068851,-0.26709038
dataset/Нц-45-0273_orig.jpg,pool_candidate,изразец,0.088323675,-0.28168347
dataset/Нц-45-0391_orig.jpg,pool_candidate,блюдце,0.59100777,-0.14984764
dataset/Нц-45-0416_orig.jpg,pool_candidate,крышка,-0.28413132,0.48380396
dataset/Нц-45-1035_orig.jpg,pool_candidate,изразец,-0.45515406,0.12319112
dataset/Нц-45-1233_orig.jpg,pool_candidate,изразец,-0.6099514,-0.28742695
dataset/Нц-45-1236_orig.jpg,pool_candidate,изразец,-0.6399113,-0.30059737
dataset/Нц-45-1243_orig.jpg,pool_candidate,изразец,-0.64477056,-0.22207868
dataset/Нц-45-1288_orig.jpg,pool_candidate,изразец,-0.5807203,-0.11532555
dataset/Нц-45-1466_orig.jpg,pool_candidate,изразец,-0.6833896,-0.2809873
dataset/Нц-45-1467_orig.jpg,pool_candidate,изразец,-0.59952265,-0.14103353
dataset/Нц-45-1537_orig.jpg,pool_candidate,изразец,-0.37410802,0.10250947
dataset/Нц-45-1564_orig.jpg,pool_candidate,тарелка,-0.23261575,0.2238255
dataset/Нц-46-162_orig.jpg,pool_candidate,тарелка,0.5672078,-0.21013148
dataset/Нц-46-193_orig.jpg,pool_candidate,тарелка,0.2040046,-0.16613549
dataset/Нц-46-230_orig.jpg,pool_candidate,тарелка,0.43841872,-0.27204555
dataset/Нц-46-422_orig.jpg,pool_candidate,тарелка,0.55979604,-0.08992059
dataset/Нц-46-593_orig.jpg,pool_candidate,тарелка,0.20861441,-0.07614949
dataset/Нц-46-727_orig.jpg,pool_candidate,тарелка,0.59347564,-0.16892031
dataset/Нц-47-324_orig.jpg,pool_candidate,изразец,-0.6179163,-0.36982974
dataset/Нц-48-217_orig.jpg,pool_candidate,миска,-0.22266969,0.3552055
dataset/Нц-49-074_orig.jpg,pool_candidate,тарелка,-0.21533754,0.24781694
dataset/Нц-49-166_orig.jpg,pool_candidate,изразец,-0.39590886,0.106957965
dataset/Нц-52-221_orig.jpg,pool_candidate,изразец,-0.61543053,-0.293547
dataset/Нц-52-514_orig.jpg,pool_candidate,изразец,-0.4475032,-0.3564425
dataset/Нц-53-067_orig.jpg,pool_candidate,изразец,-0.63208324,-0.30838695
dataset/Нц-53-349_orig.jpg,pool_candidate,блюдце,0.60332584,-0.16926053
dataset/БП11-Р01-тех-0060_orig.jpg,test_open,изразец,-0.6290631,-0.30650082
dataset/БП11-Р01-тех-0061_orig.jpg,test_open,изразец,-0.6270689,-0.29996035
dataset/БП11-Р01-тех-0069_orig.jpg,test_open,крышка,0.11335671,0.26779848
dataset/БП11-Р01-тех-0381_orig.jpg,test_open,блюдце,0.2718031,0.36661148
dataset/БП11-Р01-тех-0394_orig.jpg,test_open,тарелка,-0.069358155,0.23968616
dataset/БП11-Р01-тех-0421_orig.jpg,test_open,миска,-0.29376122,0.4588957
dataset/БП11-Р01-тех-0443_orig.jpg,test_open,миска,-0.35263696,0.53266966
dataset/БП11-Р01-тех-0468_orig.jpg,test_open,крышка,-0.31613788,0.5226921
dataset/БП12-Г01-1008_orig.jpg,test_open,изразец,-0.6362734,-0.19639009
dataset/БП12-Г01-5688_orig.jpg,test_open,блюдце,0.559269,-0.13493529
dataset/БП12-Г01-5772_orig.jpg,test_open,блюдце,0.40566015,-0.047531977
dataset/БП12-Г01-6521_orig.jpg,test_open,тарелка,0.4809308,-0.21727632
dataset/БП12-Г01-6540_orig.jpg,test_open,блюдце,0.45483285,0.019309765
dataset/БП12-Г01-7209_orig.jpg,test_open,изразец,-0.5532641,-0.26392403
dataset/БП12-Г01-7263_orig.jpg,test_open,крышка,0.32916808,0.26944467
dataset/БП12-Г01-7742_orig.jpg,test_open,крышка,-0.1854885,0.4886942
dataset/БП12-Г01-8844_orig.jpg,test_open,изразец,-0.6052659,-0.048625827
dataset/БП12-Г02-2791_orig.jpg,test_open,изразец,-0.6543568,-0.3112194
dataset/БП12-Г02-3659_orig.jpg,test_open,блюдце,0.5317367,-0.14878066
dataset/БП12-Г02-3984_orig.jpg,test_open,тарелка,0.23481712,0.06040625
dataset/БП12-Г02-4011_orig.jpg,test_open,миска,0.31170037,0.25306115
dataset/БП12-Г02-4189_orig.jpg,test_open,блюдце,0.5064066,-0.15005404
dataset/БП12-Г02-4270_orig.jpg,test_open,тарелка,-0.082279064,0.27799273
dataset/БП12-Г02-4758_orig.jpg,test_open,тарелка,0.104051985,-0.18007632
dataset/БП12-Г02-5150_orig.jpg,test_open,крышка,0.026142526,0.5065757
dataset/БП12-Г02-5276_orig.jpg,test_open,тарелка,0.40840247,-0.18810818
dataset/БП12-Г02-8020_orig.jpg,test_open,изразец,-0.57456064,-0.29744405
dataset/БП12-Т01-8069_orig.jpg,test_open,игрушка,-0.004867855,-0.31896964
dataset/Заг11-ш01-Г01-055_orig.jpg,test_open,изразец,-0.54449964,-0.2836191
dataset/КБ-2014-Р4-081_orig.jpg,test_open,тарелка,0.31894618,-0.1267791
dataset/КБ-2014-Р4-248_orig.jpg,test_open,блюдце,0.22769709,0.18479334
dataset/КБ-2014-Р4-250_orig.jpg,test_open,тарелка,0.50914544,-0.20713507
dataset/КБ-2014-Р4-307_orig.jpg,test_open,тарелка,0.506746,-0.11578958
dataset/КБ-2014-Р4-368_orig.jpg,test_open,блюдце,0.43851238,-0.027026005
dataset/КБ-2014-Р4-375_orig.jpg,test_open,блюдце,0.48826534,-0.14849517
dataset/КБ-2014-Р4-389_orig.jpg,test_open,блюдце,0.51460236,-0.13012888
dataset/КБ-2014-Р4-424_orig.jpg,test_open,тарелка,0.48445773,-0.30964926
dataset/КБ-2014-Р4-438_orig.jpg,test_open,блюдце,0.47083396,-0.012181577
dataset/КБ-2014-Р4-462_orig.jpg,test_open,изразец,-0.60088795,-0.15837978
dataset/КБ-2014-Р4-494_orig.jpg,test_open,блюдце,0.4120851,-0.13977833
dataset/КБ-2014-Р4-495_orig.jpg,test_open,изразец,-0.62432957,-0.3058884
dataset/КБ-2014-Р4-508_orig.jpg,test_open,блюдце,0.37690464,0.09816471
dataset/КБ-2014-Р4-517_orig.jpg,test_open,тарелка,0.4285119,-0.24199753
dataset/КБ-2014-Р4-551_orig.jpg,test_open,миска,-0.24959746,0.3815802
dataset/КБ-2014-Р4-571_orig.jpg,test_open,тарелка,0.4783456,-0.32565913
dataset/КБ-2014-Р4-581_orig.jpg,test_open,блюдце,0.38642734,0.03469773
dataset/КБ-2014-Р4-583_orig.jpg,test_open,тарелка,0.59596425,-0.20762011
dataset/Кроп-2013-152_orig.jpg,test_open,блюдце,0.5070242,-0.16931003
dataset/Кроп-2013-218_orig.jpg,test_open,миска,-0.06277443,0.68632656
dataset/Кроп-2013-317_orig.jpg,test_open,тарелка,0.58156013,-0.23132856
dataset/Кроп-2013-391_orig.jpg,test_open,блюдце,0.39490157,0.12754676
dataset/Кроп-2013-478_orig.jpg,test_open,блюдце,0.4345588,-0.048858915
dataset/Кроп-2013-482_orig.jpg,test_open,тарелка,0.5321793,-0.16403237
dataset/Кроп-2013-Тр1-023_orig.jpg,test_open,плитка,-0.2843539,-0.28933132
dataset/Кроп-2013-Тр2-032_orig.jpg,test_open,изразец,-0.58168274,0.008004807
dataset/Кроп-2013-Тр2-045_orig.jpg,test_open,тарелка,0.44315356,0.04990291
dataset/Кроп-2013-Тр2-049_orig.jpg,test_open,блюдце,0.60534084,-0.18225108
dataset/Кроп-2013-Тр2-050_orig.jpg,test_open,блюдце,0.5511853,-0.07775882
dataset/Кроп-2013-Тр2-053_orig.jpg,test_open,тарелка,0.53562045,-0.16882113
dataset/Маяк-11-Ш3-68_orig.jpg,test_open,тарелка,0.51612633,-0.24234445
dataset/Маяк-11-Ш3-72_orig.jpg,test_open,тарелка,0.40118504,-0.19851111
dataset/Мич11-ш02-057_orig.jpg,test_open,изразец,-0.6375263,-0.27473193
dataset/Нев11-Г02-033_orig.jpg,test_open,изразец,-0.36140892,-0.45956007
dataset/Нев11-Г03-096_orig.jpg,test_open,изразец,-0.66997075,-0.2761216
dataset/Нейш3А-2018-0117_orig.jpg,test_open,блюдце,0.08128018,0.461126
dataset/Нейш3А-2018-0138_orig.jpg,test_open,тарелка,0.60002375,-0.16230883
dataset/Нейш3А-2018-0276_orig.jpg,test_open,крышка,0.2769866,0.15680185
dataset/Нейш3А-2018-0373_orig.jpg,test_open,тарелка,0.32047236,-0.08967769
dataset/Нейш3А-2018-0645_orig.jpg,test_open,изразец,-0.5990344,-0.37530804
dataset/Нейш3А-2018-0685_orig.jpg,test_open,тарелка,0.3157972,0.29250196
dataset/Нейш3А-2018-0733_orig.jpg,test_open,тарелка,0.53404003,-0.10929025
dataset/Нейш3А-2018-0735_orig.jpg,test_open,блюдце,0.35880184,0.35189065
dataset/Нейш3А-2018-0738_orig.jpg,test_open,блюдце,0.41833222,0.08322788
dataset/Нейш3А-2018-0847_orig.jpg,test_open,тарелка,0.46512976,-0.11332601
dataset/Нейш3А-2018-0954_orig.jpg,test_open,изразец,-0.39623967,-0.16062717
dataset/Нейш3А-2018-1035_orig.jpg,test_open,крышка,0.06873816,0.57269526
dataset/Нейш3А-2018-1138_orig.jpg,test_open,блюдце,0.41329044,-0.07507982
dataset/Нейш3А-2018-1311_orig.jpg,test_open,крышка,0.4115836,0.04146581
dataset/Нейш3А-2018-1642_orig.jpg,test_open,миска,-0.09202431,0.4777567
dataset/Нейш3А-2018-2216_orig.jpg,test_open,тарелка,0.09210143,-0.07766761
dataset/Нейш3А-2018-2329_orig.jpg,test_open,крышка,0.115142085,0.24614774
dataset/Нейш3А-2018-2551_orig.jpg,test_open,крышка,0.022821303,0.2162876
dataset/Нейш3А-2018-2581_orig.jpg,test_open,миска,0.17822634,0.26096678
dataset/Нейш3А-2018-2759_orig.jpg,test_open,крышка,0.23799002,0.11120039
dataset/Нейш3А-2018-4583_orig.jpg,test_open,блюдце,0.17845145,0.09317991
dataset/Нейш3А-2018-4604_orig.jpg,test_open,тарелка,0.54830515,-0.07580707
dataset/Нейш3А-2018-4678_orig.jpg,test_open,тарелка,0.30345064,-0.26405033
dataset/Нейш3А-2018-4680_orig.jpg,test_open,тарелка,-0.026697543,0.322626
dataset/Нейш3А-2018-4743_orig.jpg,test_open,блюдце,0.25081155,0.17177843
dataset/Нейш3А-2018-4837_orig.jpg,test_open,миска,-0.26791796,0.66180104
dataset/Нейш3А-2018-4912_orig.jpg,test_open,тарелка,0.5934518,-0.15376331
dataset/Нейш3А-2018-4942_orig.jpg,test_open,блюдце,0.5310668,-0.07203036
dataset/Нейш3А-2018-4978_orig.jpg,test_open,тарелка,0.5664568,-0.17852895
dataset/Нейш3А-2018-5005_orig.jpg,test_open,блюдце,0.37961113,-0.10145802
dataset/Нейш3А-2018-5182_orig.jpg,test_open,блюдце,0.42254078,-0.003772941
dataset/Нейш3А-2018-5233_orig.jpg,test_open,блюдце,0.525107,-0.078535
dataset/Нейш3А-2018-5599_orig.jpg,test_open,тарелка,0.4930303,-0.24650994
dataset/Нейш3А-2018-5721_orig.jpg,test_open,блюдце,0.3600095,-0.045411844
dataset/Нейш3А-2018-5925_orig.jpg,test_open,миска,-0.27170652,0.6885335
dataset/Нейш3А-2018-6220_orig.jpg,test_open,миска,-0.14534323,0.58274156
dataset/Нейш3А-2018-7193_orig.jpg,test_open,тарелка,0.565638,-0.2844478
dataset/Нц-23-0261_orig.jpg,test_open,изразец,-0.5719659,-0.27771014
dataset/Нц-23-1080_orig.jpg,test_open,тарелка,-0.32286847,-0.05500788
dataset/Нц-23-2163_orig.jpg,test_open,тарелка,0.16257997,0.10935173
dataset/Нц-24-026_orig.jpg,test_open,блюдце,0.3890507,0.05596338
dataset/Нц-27-261_orig.jpg,test_open,тарелка,-0.22159687,0.13974306
dataset/Нц-27-493_orig.jpg,test_open,крышка,-0.38114527,0.23372598
dataset/Нц-30-716_orig.jpg,test_open,тарелка,0.23061031,-0.19590999
dataset/Нц-30-733_orig.jpg,test_open,блюдце,0.47083586,0.063061565
dataset/Нц-31-0148_orig.jpg,test_open,крышка,-0.07106553,0.17848298
dataset/Нц-32-0018_orig.jpg,test_open,изразец,-0.5214899,-0.12245485
dataset/Нц-32-0024_orig.jpg,test_open,миска,-0.49922732,0.26846126
dataset/Нц-32-0130_orig.jpg,test_open,изразец,-0.5104914,0.22509459
dataset/Нц-32-0339_orig.jpg,test_open,миска,-0.115466915,0.2150395
dataset/Нц-33-0307_orig.jpg,test_open,изразец,-0.59732634,-0.40339348
dataset/Нц-33-3732_orig.jpg,test_open,тарелка,0.13832325,0.009864669
dataset/Нц-33-5829_orig.jpg,test_open,тарелка,-0.16585496,0.5270695
dataset/Нц-34-137_orig.jpg,test_open,миска,-0.30342594,0.39129332
dataset/Нц-36-704_orig.jpg,test_open,изразец,-0.17882006,-0.16845034
dataset/Нц-37-0071_orig.jpg,test_open,миска,-0.29839668,0.45705065
dataset/Нц-37-0203_orig.jpg,test_open,тарелка,-0.18675701,0.5172242
dataset/Нц-37-0344_orig.jpg,test_open,изразец,-0.5224123,-0.12057267
dataset/Нц-37-0466_orig.jpg,test_open,изразец,-0.56078535,-0.27039468
dataset/Нц-41-0162_orig.jpg,test_open,изразец,-0.5981992,-0.04546993
dataset/Нц-41-0527_orig.jpg,test_open,изразец,-0.6802535,-0.18516319
dataset/Нц-44-0498_orig.jpg,test_open,изразец,-0.31078753,-0.19515285
dataset/Нц-44-0500_orig.jpg,test_open,изразец,-0.58311707,-0.19684483
dataset/Нц-45-0012_orig.jpg,test_open,тарелка,0.4236634,0.04452835
dataset/Нц-45-0018_orig.jpg,test_open,тарелка,0.40101448,-0.18587297
dataset/Нц-45-0046_orig.jpg,test_open,изразец,-0.6368178,-0.3018642
dataset/Нц-45-0287_orig.jpg,test_open,тарелка,0.6214337,-0.25226182
dataset/Нц-45-0375_orig.jpg,test_open,изразец,-0.3898539,-0.3372707
dataset/Нц-45-0392_orig.jpg,test_open,тарелка,0.4041253,-0.18297336
dataset/Нц-45-0472_orig.jpg,test_open,изразец,-0.23459074,-0.34544787
dataset/Нц-45-0567_orig.jpg,test_open,блюдце,0.55282843,-0.051086064
dataset/Нц-45-0600_orig.jpg,test_open,плитка,-0.14392865,0.030982917
dataset/Нц-45-0885_orig.jpg,test_open,блюдце,0.435193,-0.1941842
dataset/Нц-45-0905_orig.jpg,test_open,изразец,-0.12835784,-0.3519853
dataset/Нц-45-0907_orig.jpg,test_open,изразец,-0.52007186,-0.11619647
dataset/Нц-45-1085_orig.jpg,test_open,тарелка,0.33038482,0.025398966
dataset/Нц-45-1232_orig.jpg,test_open,изразец,-0.54271156,-0.18683963
dataset/Нц-45-1296_orig.jpg,test_open,крышка,0.23530398,0.083360486
dataset/Нц-45-1445_orig.jpg,test_open,миска,-0.18518755,0.5282526
dataset/Нц-45-1579_orig.jpg,test_open,тарелка,0.07713617,-0.20799865
dataset/Нц-46-152_orig.jpg,test_open,тарелка,0.5564712,-0.053780455
dataset/Нц-46-204_orig.jpg,test_open,изразец,-0.5955878,-0.27722374
dataset/Нц-46-260_orig.jpg,test_open,тарелка,0.35228857,-0.17983285
dataset/Нц-46-320_orig.jpg,test_open,тарелка,0.52096826,-0.19343083
dataset/Нц-46-374_orig.jpg,test_open,крышка,-0.0046517886,0.36668453
dataset/Нц-46-455_orig.jpg,test_open,игрушка,-0.06712247,0.32892525
dataset/Нц-48-041_orig.jpg,test_open,изразец,-0.519052,0.30231166
dataset/Нц-49-111_orig.jpg,test_open,изразец,-0.41941997,0.0372374
dataset/Нц-52-170_orig.jpg,test_open,изразец,-0.50686115,0.036394503
dataset/Нц-53-021_orig.jpg,test_open,изразец,-0.60101813,-0.14976424
dataset/Нц-53-066_orig.jpg,test_open,изразец,-0.52911276,-0.3143108
